fixture_id,fixture_name,fixture_type,fixture_patch,sequence_count,cue_count,preset_count,group_count,effect_count,hard_value_atoms,dimmer_value_atoms,preset_ref_atoms,group_ref_atoms,effect_ref_atoms,preset_types_available,top_attributes,attribute_frequency,feature_group_frequency,orphan_patch,is_sparse,control_mode
1,,,,7,84,13,1,0,342,122,262,0,0,"[""0"", ""4""]","[""DIM"", ""DIM2"", ""COLORRGB1"", ""COLORRGB2"", ""COLORRGB3"", ""COLORRGB5"", ""COLORRGB31"", ""COLORRGB32"", ""COLORRGB33"", ""COLORRGB35""]","{""DIM"": 73, ""DIM2"": 63, ""COLORRGB1"": 61, ""COLORRGB2"": 61, ""COLORRGB3"": 61, ""COLORRGB5"": 48, ""COLORRGB31"": 47, ""COLORRGB32"": 47, ""COLORRGB33"": 47, ""COLORRGB35"": 47, ""PAN"": 15, ""TILT"": 15, ""ZOOM"": 15, ""SHUTTER"": 14, ""SHUTTER2"": 14, ""POSITIONMSPEED"": 12, ""FIXTUREGLOBALRESET"": 12, ""COLORMIXER"": 12, ""COLORTEMPERATURE"": 12, ""MODE3"": 12, ""EFFECTMACROS"": 12, ""EFFECTMACRORATE"": 12, ""EFFECTMACROTIME"": 12, ""MACROS"": 12, ""EFFECTMACROS2"": 12}","{""Color"": 443, ""Dimmer"": 164, ""Other"": 84, ""Position"": 42, ""Beam"": 15}",False,False,mixed
2,,,,10,128,27,3,0,275,108,185,0,0,"[""0"", ""4""]","[""DIM"", ""DIM2"", ""COLORRGB1"", ""COLORRGB2"", ""COLORRGB3"", ""COLORRGB5"", ""COLORRGB31"", ""COLORRGB32"", ""COLORRGB33"", ""COLORRGB35""]","{""DIM"": 70, ""DIM2"": 54, ""COLORRGB1"": 42, ""COLORRGB2"": 42, ""COLORRGB3"": 42, ""COLORRGB5"": 24, ""COLORRGB31"": 23, ""COLORRGB32"": 23, ""COLORRGB33"": 23, ""COLORRGB35"": 23, ""PAN"": 16, ""TILT"": 16, ""SHUTTER"": 16, ""ZOOM"": 16, ""SHUTTER2"": 16, ""POSITIONMSPEED"": 15, ""FIXTUREGLOBALRESET"": 15, ""COLORMIXER"": 15, ""COLORTEMPERATURE"": 15, ""MODE3"": 15, ""EFFECTMACROS"": 15, ""EFFECTMACRORATE"": 15, ""EFFECTMACROTIME"": 15, ""MACROS"": 15, ""EFFECTMACROS2"": 15}","{""Color"": 272, ""Dimmer"": 156, ""Other"": 105, ""Position"": 47, ""Beam"": 16}",False,False,mixed
3,,,,11,129,28,3,0,272,105,207,0,0,"[""0"", ""4""]","[""DIM"", ""DIM2"", ""COLORRGB1"", ""COLORRGB2"", ""COLORRGB3"", ""COLORRGB5"", ""COLORRGB31"", ""COLORRGB32"", ""COLORRGB33"", ""COLORRGB35""]","{""DIM"": 68, ""DIM2"": 55, ""COLORRGB1"": 41, ""COLORRGB2"": 41, ""COLORRGB3"": 41, ""COLORRGB5"": 25, ""COLORRGB31"": 24, ""COLORRGB32"": 24, ""COLORRGB33"": 24, ""COLORRGB35"": 24, ""PAN"": 17, ""TILT"": 17, ""SHUTTER"": 17, ""ZOOM"": 17, ""SHUTTER2"": 17, ""POSITIONMSPEED"": 16, ""FIXTUREGLOBALRESET"": 16, ""COLORMIXER"": 16, ""COLORTEMPERATURE"": 16, ""MODE3"": 16, ""EFFECTMACROS"": 16, ""EFFECTMACRORATE"": 16, ""EFFECTMACROTIME"": 16, ""MACROS"": 16, ""EFFECTMACROS2"": 16}","{""Color"": 276, ""Dimmer"": 157, ""Other"": 112, ""Position"": 50, ""Beam"": 17}",False,False,mixed
4,,,,12,128,26,3,0,238,78,182,0,0,"[""0"", ""4""]","[""DIM"", ""DIM2"", ""COLORRGB1"", ""COLORRGB2"", ""COLORRGB3"", ""COLORRGB5"", ""COLORRGB31"", ""COLORRGB32"", ""COLORRGB33"", ""COLORRGB35""]","{""DIM"": 50, ""DIM2"": 38, ""COLORRGB1"": 38, ""COLORRGB2"": 38, ""COLORRGB3"": 38, ""COLORRGB5"": 23, ""COLORRGB31"": 22, ""COLORRGB32"": 22, ""COLORRGB33"": 22, ""COLORRGB35"": 22, ""PAN"": 15, ""TILT"": 15, ""SHUTTER"": 15, ""ZOOM"": 15, ""SHUTTER2"": 15, ""POSITIONMSPEED"": 13, ""FIXTUREGLOBALRESET"": 13, ""COLORMIXER"": 13, ""COLORTEMPERATURE"": 13, ""MODE3"": 13, ""EFFECTMACROS"": 13, ""EFFECTMACRORATE"": 13, ""EFFECTMACROTIME"": 13, ""MACROS"": 13, ""EFFECTMACROS2"": 13}","{""Color"": 251, ""Dimmer"": 118, ""Other"": 91, ""Position"": 43, ""Beam"": 15}",False,False,mixed
5,,,,9,134,26,3,0,348,134,274,0,0,"[""0"", ""4""]","[""DIM"", ""COLORRGB1"", ""COLORRGB2"", ""COLORRGB3"", ""DIM2"", ""COLORRGB5"", ""COLORRGB31"", ""COLORRGB32"", ""COLORRGB33"", ""COLORRGB35""]","{""DIM"": 85, ""COLORRGB1"": 67, ""COLORRGB2"": 67, ""COLORRGB3"": 67, ""DIM2"": 63, ""COLORRGB5"": 48, ""COLORRGB31"": 47, ""COLORRGB32"": 47, ""COLORRGB33"": 47, ""COLORRGB35"": 47, ""PAN"": 15, ""TILT"": 15, ""ZOOM"": 15, ""SHUTTER"": 14, ""SHUTTER2"": 14, ""POSITIONMSPEED"": 12, ""FIXTUREGLOBALRESET"": 12, ""COLORMIXER"": 12, ""COLORTEMPERATURE"": 12, ""MODE3"": 12, ""EFFECTMACROS"": 12, ""EFFECTMACRORATE"": 12, ""EFFECTMACROTIME"": 12, ""MACROS"": 12, ""EFFECTMACROS2"": 12}","{""Color"": 461, ""Dimmer"": 176, ""Other"": 84, ""Position"": 42, ""Beam"": 15}",False,False,mixed
6,,,,11,123,28,3,0,272,102,182,0,0,"[""0"", ""4""]","[""DIM"", ""DIM2"", ""COLORRGB1"", ""COLORRGB2"", ""COLORRGB3"", ""COLORRGB5"", ""COLORRGB31"", ""COLORRGB32"", ""COLORRGB33"", ""COLORRGB35""]","{""DIM"": 65, ""DIM2"": 53, ""COLORRGB1"": 40, ""COLORRGB2"": 40, ""COLORRGB3"": 40, ""COLORRGB5"": 24, ""COLORRGB31"": 23, ""COLORRGB32"": 23, ""COLORRGB33"": 23, ""COLORRGB35"": 23, ""PAN"": 16, ""TILT"": 16, ""SHUTTER"": 16, ""ZOOM"": 16, ""SHUTTER2"": 16, ""POSITIONMSPEED"": 15, ""FIXTUREGLOBALRESET"": 15, ""COLORMIXER"": 15, ""COLORTEMPERATURE"": 15, ""MODE3"": 15, ""EFFECTMACROS"": 15, ""EFFECTMACRORATE"": 15, ""EFFECTMACROTIME"": 15, ""MACROS"": 15, ""EFFECTMACROS2"": 15}","{""Color"": 266, ""Dimmer"": 150, ""Other"": 105, ""Position"": 47, ""Beam"": 16}",False,False,mixed
7,,,,11,126,28,1,0,283,102,203,0,0,"[""0"", ""4""]","[""DIM"", ""DIM2"", ""COLORRGB1"", ""COLORRGB2"", ""COLORRGB3"", ""COLORRGB5"", ""COLORRGB31"", ""COLORRGB32"", ""COLORRGB33"", ""COLORRGB35""]","{""DIM"": 67, ""DIM2"": 57, ""COLORRGB1"": 40, ""COLORRGB2"": 40, ""COLORRGB3"": 40, ""COLORRGB5"": 26, ""COLORRGB31"": 25, ""COLORRGB32"": 25, ""COLORRGB33"": 25, ""COLORRGB35"": 25, ""PAN"": 18, ""TILT"": 18, ""ZOOM"": 18, ""SHUTTER"": 17, ""SHUTTER2"": 17, ""POSITIONMSPEED"": 16, ""FIXTUREGLOBALRESET"": 16, ""COLORMIXER"": 16, ""COLORTEMPERATURE"": 16, ""MODE3"": 16, ""EFFECTMACROS"": 16, ""EFFECTMACRORATE"": 16, ""EFFECTMACROTIME"": 16, ""MACROS"": 16, ""EFFECTMACROS2"": 16}","{""Color"": 278, ""Dimmer"": 158, ""Other"": 112, ""Position"": 52, ""Beam"": 18}",False,False,mixed
8,,,,10,122,26,2,0,230,78,179,0,0,"[""0"", ""4""]","[""DIM"", ""COLORRGB1"", ""COLORRGB2"", ""COLORRGB3"", ""DIM2"", ""COLORRGB5"", ""COLORRGB31"", ""COLORRGB32"", ""COLORRGB33"", ""COLORRGB35""]","{""DIM"": 54, ""COLORRGB1"": 37, ""COLORRGB2"": 37, ""COLORRGB3"": 37, ""DIM2"": 36, ""COLORRGB5"": 22, ""COLORRGB31"": 21, ""COLORRGB32"": 21, ""COLORRGB33"": 21, ""COLORRGB35"": 21, ""PAN"": 14, ""TILT"": 14, ""SHUTTER"": 14, ""ZOOM"": 14, ""SHUTTER2"": 14, ""POSITIONMSPEED"": 13, ""FIXTUREGLOBALRESET"": 13, ""COLORMIXER"": 13, ""COLORTEMPERATURE"": 13, ""MODE3"": 13, ""EFFECTMACROS"": 13, ""EFFECTMACRORATE"": 13, ""EFFECTMACROTIME"": 13, ""MACROS"": 13, ""EFFECTMACROS2"": 13}","{""Color"": 243, ""Dimmer"": 118, ""Other"": 91, ""Position"": 41, ""Beam"": 14}",False,False,mixed
9,,,,7,61,17,3,0,27,14,18,0,0,"[""0"", ""4""]","[""COLORRGB1"", ""COLORRGB2"", ""COLORRGB3"", ""DIM""]","{""COLORRGB1"": 15, ""COLORRGB2"": 15, ""COLORRGB3"": 15, ""DIM"": 14}","{""Color"": 45, ""Dimmer"": 14}",False,False,mixed
10,,,,6,36,17,1,0,27,10,12,0,0,"[""0"", ""4""]","[""COLORRGB1"", ""COLORRGB2"", ""COLORRGB3"", ""DIM""]","{""COLORRGB1"": 13, ""COLORRGB2"": 13, ""COLORRGB3"": 13, ""DIM"": 10}","{""Color"": 39, ""Dimmer"": 10}",False,False,mixed
11,,,,9,75,28,3,0,426,29,457,0,0,"[""0"", ""4""]","[""DIM"", ""COLORRGB1"", ""COLORRGB2"", ""COLORRGB3"", ""GOBO2"", ""PAN"", ""TILT"", ""COLOR1"", ""COLOR2"", ""GOBO1""]","{""DIM"": 47, ""COLORRGB1"": 40, ""COLORRGB2"": 40, ""COLORRGB3"": 40, ""GOBO2"": 23, ""PAN"": 23, ""TILT"": 23, ""COLOR1"": 23, ""COLOR2"": 23, ""GOBO1"": 23, ""IRIS"": 23, ""FOCUS"": 23, ""SHUTTER"": 23, ""SHAPER ROT"": 22, ""BLADE1A"": 22, ""BLADE1B"": 22, ""BLADE2A"": 22, ""BLADE2B"": 22, ""BLADE3A"": 22, ""BLADE3B"": 22, ""BLADE4A"": 22, ""BLADE4B"": 22, ""GOBO2_POS"": 21, ""ZOOM"": 21, ""EFFECTWHEEL"": 20, ""POSITIONMSPEED"": 20, ""FIXTUREGLOBALRESET"": 20, ""PWMFREQUENCY"": 20, ""PWMFREQUENCYADJUST"": 20, ""INTENSITYMACROS"": 20, ""CTO"": 20, ""COLORMIXER"": 20, ""COLORMIXMSPEED"": 20, ""COLORMIXMSPEED2"": 20, ""ZOOMMSPEED"": 20, ""ANIMATIONWHEEL"": 20, ""ANIMATIONINDEXROTATE"": 20, ""EFFECTMACROS"": 20, ""EFFECTINDEXROTATE"": 20, ""FROST"": 20}","{""Other"": 398, ""Color"": 226, ""Beam"": 107, ""Dimmer"": 70, ""Gobo"": 67, ""Position"": 66}",False,False,mixed
12,,,,10,70,25,1,0,312,25,368,0,0,"[""0"", ""4""]","[""DIM"", ""COLORRGB1"", ""COLORRGB2"", ""COLORRGB3"", ""GOBO2"", ""PAN"", ""TILT"", ""COLOR1"", ""COLOR2"", ""GOBO1""]","{""DIM"": 38, ""COLORRGB1"": 32, ""COLORRGB2"": 32, ""COLORRGB3"": 32, ""GOBO2"": 17, ""PAN"": 17, ""TILT"": 17, ""COLOR1"": 17, ""COLOR2"": 17, ""GOBO1"": 17, ""GOBO2_POS"": 17, ""IRIS"": 17, ""ZOOM"": 17, ""FOCUS"": 17, ""SHUTTER"": 17, ""EFFECTWHEEL"": 16, ""POSITIONMSPEED"": 16, ""FIXTUREGLOBALRESET"": 16, ""PWMFREQUENCY"": 16, ""PWMFREQUENCYADJUST"": 16, ""INTENSITYMACROS"": 16, ""CTO"": 16, ""COLORMIXER"": 16, ""COLORMIXMSPEED"": 16, ""COLORMIXMSPEED2"": 16, ""ZOOMMSPEED"": 16, ""ANIMATIONWHEEL"": 16, ""ANIMATIONINDEXROTATE"": 16, ""EFFECTMACROS"": 16, ""EFFECTINDEXROTATE"": 16, ""FROST"": 16, ""SHAPER ROT"": 16, ""BLADE1A"": 16, ""BLADE1B"": 16, ""BLADE2A"": 16, ""BLADE2B"": 16, ""BLADE3A"": 16, ""BLADE3B"": 16, ""BLADE4A"": 16, ""BLADE4B"": 16}","{""Other"": 304, ""Color"": 178, ""Beam"": 83, ""Dimmer"": 55, ""Gobo"": 51, ""Position"": 50}",False,False,mixed
13,,,,8,75,24,4,0,327,32,100,0,0,"[""0"", ""4""]","[""DIM"", ""COLORRGB1"", ""COLORRGB2"", ""COLORRGB3"", ""PAN"", ""TILT"", ""ZOOM"", ""COLOR1"", ""COLOR2"", ""FOCUS""]","{""DIM"": 39, ""COLORRGB1"": 28, ""COLORRGB2"": 28, ""COLORRGB3"": 28, ""PAN"": 14, ""TILT"": 14, ""ZOOM"": 14, ""COLOR1"": 11, ""COLOR2"": 11, ""FOCUS"": 11, ""GOBO2"": 10, ""GOBO1"": 10, ""GOBO2_POS"": 10, ""IRIS"": 10, ""SHUTTER"": 10, ""EFFECTWHEEL"": 9, ""POSITIONMSPEED"": 9, ""FIXTUREGLOBALRESET"": 9, ""PWMFREQUENCY"": 9, ""PWMFREQUENCYADJUST"": 9, ""INTENSITYMACROS"": 9, ""CTO"": 9, ""COLORMIXER"": 9, ""COLORMIXMSPEED"": 9, ""COLORMIXMSPEED2"": 9, ""ZOOMMSPEED"": 9, ""ANIMATIONWHEEL"": 9, ""ANIMATIONINDEXROTATE"": 9, ""EFFECTMACROS"": 9, ""EFFECTINDEXROTATE"": 9, ""FROST"": 9, ""SHAPER ROT"": 9, ""BLADE1A"": 9, ""BLADE1B"": 9, ""BLADE2A"": 9, ""BLADE2B"": 9, ""BLADE3A"": 9, ""BLADE3B"": 9, ""BLADE4A"": 9, ""BLADE4B"": 9}","{""Other"": 171, ""Color"": 133, ""Beam"": 53, ""Dimmer"": 49, ""Position"": 37, ""Gobo"": 30}",False,False,mixed
14,,,,8,70,28,1,0,526,30,231,0,0,"[""0"", ""4""]","[""DIM"", ""COLORRGB1"", ""COLORRGB2"", ""COLORRGB3"", ""PAN"", ""TILT"", ""ZOOM"", ""COLOR1"", ""COLOR2"", ""CTO""]","{""DIM"": 42, ""COLORRGB1"": 34, ""COLORRGB2"": 34, ""COLORRGB3"": 34, ""PAN"": 21, ""TILT"": 21, ""ZOOM"": 21, ""COLOR1"": 20, ""COLOR2"": 20, ""CTO"": 19, ""FROST"": 19, ""FOCUS"": 19, ""GOBO2"": 18, ""EFFECTWHEEL"": 18, ""POSITIONMSPEED"": 18, ""FIXTUREGLOBALRESET"": 18, ""PWMFREQUENCY"": 18, ""PWMFREQUENCYADJUST"": 18, ""INTENSITYMACROS"": 18, ""COLORMIXER"": 18, ""COLORMIXMSPEED"": 18, ""COLORMIXMSPEED2"": 18, ""ZOOMMSPEED"": 18, ""ANIMATIONWHEEL"": 18, ""ANIMATIONINDEXROTATE"": 18, ""EFFECTMACROS"": 18, ""GOBO1"": 18, ""GOBO2_POS"": 18, ""EFFECTINDEXROTATE"": 18, ""IRIS"": 18, ""SHAPER ROT"": 18, ""BLADE1A"": 18, ""BLADE1B"": 18, ""BLADE2A"": 18, ""BLADE2B"": 18, ""BLADE3A"": 18, ""BLADE3B"": 18, ""BLADE4A"": 18, ""BLADE4B"": 18, ""SHUTTER"": 18}","{""Other"": 343, ""Color"": 196, ""Beam"": 95, ""Dimmer"": 60, ""Position"": 60, ""Gobo"": 54}",False,False,mixed
15,,,,8,77,26,3,0,348,36,131,0,0,"[""0"", ""4""]","[""DIM"", ""COLORRGB1"", ""COLORRGB2"", ""COLORRGB3"", ""PAN"", ""TILT"", ""COLOR1"", ""COLOR2"", ""FOCUS"", ""ZOOM""]","{""DIM"": 47, ""COLORRGB1"": 32, ""COLORRGB2"": 32, ""COLORRGB3"": 32, ""PAN"": 14, ""TILT"": 14, ""COLOR1"": 14, ""COLOR2"": 14, ""FOCUS"": 14, ""ZOOM"": 12, ""GOBO2"": 11, ""GOBO1"": 11, ""GOBO2_POS"": 11, ""FROST"": 11, ""IRIS"": 11, ""SHUTTER"": 11, ""EFFECTWHEEL"": 10, ""POSITIONMSPEED"": 10, ""FIXTUREGLOBALRESET"": 10, ""PWMFREQUENCY"": 10, ""PWMFREQUENCYADJUST"": 10, ""INTENSITYMACROS"": 10, ""CTO"": 10, ""COLORMIXER"": 10, ""COLORMIXMSPEED"": 10, ""COLORMIXMSPEED2"": 10, ""ZOOMMSPEED"": 10, ""ANIMATIONWHEEL"": 10, ""ANIMATIONINDEXROTATE"": 10, ""EFFECTMACROS"": 10, ""EFFECTINDEXROTATE"": 10, ""SHAPER ROT"": 10, ""BLADE1A"": 10, ""BLADE1B"": 10, ""BLADE2A"": 10, ""BLADE2B"": 10, ""BLADE3A"": 10, ""BLADE3B"": 10, ""BLADE4A"": 10, ""BLADE4B"": 10}","{""Other"": 190, ""Color"": 154, ""Dimmer"": 58, ""Beam"": 58, ""Position"": 38, ""Gobo"": 33}",False,False,mixed
16,,,,9,80,26,3,0,356,38,374,0,0,"[""0"", ""4""]","[""DIM"", ""COLORRGB1"", ""COLORRGB2"", ""COLORRGB3"", ""GOBO2"", ""PAN"", ""TILT"", ""INTENSITYMACROS"", ""COLOR1"", ""COLOR2""]","{""DIM"": 51, ""COLORRGB1"": 37, ""COLORRGB2"": 37, ""COLORRGB3"": 37, ""GOBO2"": 18, ""PAN"": 18, ""TILT"": 18, ""INTENSITYMACROS"": 18, ""COLOR1"": 18, ""COLOR2"": 18, ""GOBO1"": 18, ""GOBO2_POS"": 18, ""IRIS"": 18, ""ZOOM"": 18, ""FOCUS"": 18, ""SHUTTER"": 18, ""EFFECTWHEEL"": 17, ""POSITIONMSPEED"": 17, ""FIXTUREGLOBALRESET"": 17, ""PWMFREQUENCY"": 17, ""PWMFREQUENCYADJUST"": 17, ""CTO"": 17, ""COLORMIXER"": 17, ""COLORMIXMSPEED"": 17, ""COLORMIXMSPEED2"": 17, ""ZOOMMSPEED"": 17, ""ANIMATIONWHEEL"": 17, ""ANIMATIONINDEXROTATE"": 17, ""EFFECTMACROS"": 17, ""EFFECTINDEXROTATE"": 17, ""FROST"": 17, ""SHAPER ROT"": 17, ""BLADE1A"": 17, ""BLADE1B"": 17, ""BLADE2A"": 17, ""BLADE2B"": 17, ""BLADE3A"": 17, ""BLADE3B"": 17, ""BLADE4A"": 17, ""BLADE4B"": 17}","{""Other"": 324, ""Color"": 198, ""Beam"": 88, ""Dimmer"": 69, ""Gobo"": 54, ""Position"": 53}",False,False,mixed
17,,,,10,74,26,3,0,353,28,412,0,0,"[""0"", ""4""]","[""DIM"", ""COLORRGB1"", ""COLORRGB2"", ""COLORRGB3"", ""GOBO2"", ""PAN"", ""TILT"", ""COLOR1"", ""COLOR2"", ""GOBO1""]","{""DIM"": 41, ""COLORRGB1"": 37, ""COLORRGB2"": 37, ""COLORRGB3"": 37, ""GOBO2"": 19, ""PAN"": 19, ""TILT"": 19, ""COLOR1"": 19, ""COLOR2"": 19, ""GOBO1"": 19, ""GOBO2_POS"": 19, ""IRIS"": 19, ""ZOOM"": 19, ""FOCUS"": 19, ""SHUTTER"": 19, ""EFFECTWHEEL"": 18, ""POSITIONMSPEED"": 18, ""FIXTUREGLOBALRESET"": 18, ""PWMFREQUENCY"": 18, ""PWMFREQUENCYADJUST"": 18, ""INTENSITYMACROS"": 18, ""CTO"": 18, ""COLORMIXER"": 18, ""COLORMIXMSPEED"": 18, ""COLORMIXMSPEED2"": 18, ""ZOOMMSPEED"": 18, ""ANIMATIONWHEEL"": 18, ""ANIMATIONINDEXROTATE"": 18, ""EFFECTMACROS"": 18, ""EFFECTINDEXROTATE"": 18, ""FROST"": 18, ""SHAPER ROT"": 18, ""BLADE1A"": 18, ""BLADE1B"": 18, ""BLADE2A"": 18, ""BLADE2B"": 18, ""BLADE3A"": 18, ""BLADE3B"": 18, ""BLADE4A"": 18, ""BLADE4B"": 18}","{""Other"": 342, ""Color"": 203, ""Beam"": 93, ""Dimmer"": 60, ""Gobo"": 57, ""Position"": 56}",False,False,mixed
18,,,,7,74,26,3,0,353,26,354,0,0,"[""0"", ""4""]","[""DIM"", ""COLORRGB1"", ""COLORRGB2"", ""COLORRGB3"", ""PAN"", ""TILT"", ""COLOR1"", ""COLOR2"", ""ZOOM"", ""FOCUS""]","{""DIM"": 42, ""COLORRGB1"": 36, ""COLORRGB2"": 36, ""COLORRGB3"": 36, ""PAN"": 18, ""TILT"": 18, ""COLOR1"": 18, ""COLOR2"": 18, ""ZOOM"": 18, ""FOCUS"": 18, ""GOBO2"": 17, ""GOBO1"": 17, ""GOBO2_POS"": 17, ""IRIS"": 17, ""SHAPER ROT"": 17, ""BLADE1A"": 17, ""BLADE1B"": 17, ""BLADE2A"": 17, ""BLADE2B"": 17, ""BLADE3A"": 17, ""BLADE3B"": 17, ""BLADE4A"": 17, ""BLADE4B"": 17, ""SHUTTER"": 17, ""EFFECTWHEEL"": 16, ""POSITIONMSPEED"": 16, ""FIXTUREGLOBALRESET"": 16, ""PWMFREQUENCY"": 16, ""PWMFREQUENCYADJUST"": 16, ""INTENSITYMACROS"": 16, ""CTO"": 16, ""COLORMIXER"": 16, ""COLORMIXMSPEED"": 16, ""COLORMIXMSPEED2"": 16, ""ZOOMMSPEED"": 16, ""ANIMATIONWHEEL"": 16, ""ANIMATIONINDEXROTATE"": 16, ""EFFECTMACROS"": 16, ""EFFECTINDEXROTATE"": 16, ""FROST"": 16}","{""Other"": 313, ""Color"": 192, ""Beam"": 85, ""Dimmer"": 59, ""Position"": 52, ""Gobo"": 51}",False,False,mixed
19,,,,3,27,15,1,0,27,10,12,0,0,"[""0"", ""4""]","[""COLORRGB1"", ""COLORRGB2"", ""COLORRGB3"", ""DIM""]","{""COLORRGB1"": 13, ""COLORRGB2"": 13, ""COLORRGB3"": 13, ""DIM"": 10}","{""Color"": 39, ""Dimmer"": 10}",False,False,mixed
20,,,,4,33,17,1,0,27,10,12,0,0,"[""0"", ""4""]","[""COLORRGB1"", ""COLORRGB2"", ""COLORRGB3"", ""DIM""]","{""COLORRGB1"": 13, ""COLORRGB2"": 13, ""COLORRGB3"": 13, ""DIM"": 10}","{""Color"": 39, ""Dimmer"": 10}",False,False,mixed
21,,,,4,54,20,1,0,232,34,114,0,0,"[""0"", ""2"", ""4""]","[""COLORRGB3"", ""COLORRGB2"", ""DIM"", ""COLORRGB1"", ""COLORRGB5"", ""PAN"", ""TILT"", ""ZOOM"", ""PANROTATE"", ""POSITIONMSPEED""]","{""COLORRGB3"": 80, ""COLORRGB2"": 54, ""DIM"": 45, ""COLORRGB1"": 45, ""COLORRGB5"": 26, ""PAN"": 15, ""TILT"": 15, ""ZOOM"": 13, ""PANROTATE"": 11, ""POSITIONMSPEED"": 10, ""CONTROL"": 10, ""LEDFREQUENCY"": 10, ""LEDFREQUENCYADJUSTING"": 10, ""COLORMIXMODE"": 10, ""SHUTTER"": 10, ""COLORMACROS"": 10, ""CTO"": 10, ""FLOWEREFFECT"": 10}","{""Color"": 225, ""Dimmer"": 55, ""Position"": 51, ""Other"": 40, ""Beam"": 13, ""Control"": 10}",False,False,mixed
22,,,,4,46,20,1,0,301,30,114,0,0,"[""0"", ""2"", ""4""]","[""COLORRGB1"", ""COLORRGB3"", ""COLORRGB2"", ""DIM"", ""COLORRGB5"", ""PAN"", ""TILT"", ""ZOOM"", ""PANROTATE"", ""POSITIONMSPEED""]","{""COLORRGB1"": 104, ""COLORRGB3"": 73, ""COLORRGB2"": 71, ""DIM"": 41, ""COLORRGB5"": 26, ""PAN"": 15, ""TILT"": 15, ""ZOOM"": 13, ""PANROTATE"": 11, ""POSITIONMSPEED"": 10, ""CONTROL"": 10, ""LEDFREQUENCY"": 10, ""LEDFREQUENCYADJUSTING"": 10, ""COLORMIXMODE"": 10, ""SHUTTER"": 10, ""COLORMACROS"": 10, ""CTO"": 10, ""FLOWEREFFECT"": 10}","{""Color"": 294, ""Dimmer"": 51, ""Position"": 51, ""Other"": 40, ""Beam"": 13, ""Control"": 10}",False,False,mixed
23,,,,4,46,20,1,0,302,30,114,0,0,"[""0"", ""2"", ""4""]","[""COLORRGB2"", ""COLORRGB1"", ""COLORRGB3"", ""DIM"", ""COLORRGB5"", ""PAN"", ""TILT"", ""ZOOM"", ""PANROTATE"", ""POSITIONMSPEED""]","{""COLORRGB2"": 105, ""COLORRGB1"": 77, ""COLORRGB3"": 67, ""DIM"": 41, ""COLORRGB5"": 26, ""PAN"": 15, ""TILT"": 15, ""ZOOM"": 13, ""PANROTATE"": 11, ""POSITIONMSPEED"": 10, ""CONTROL"": 10, ""LEDFREQUENCY"": 10, ""LEDFREQUENCYADJUSTING"": 10, ""COLORMIXMODE"": 10, ""SHUTTER"": 10, ""COLORMACROS"": 10, ""CTO"": 10, ""FLOWEREFFECT"": 10}","{""Color"": 295, ""Dimmer"": 51, ""Position"": 51, ""Other"": 40, ""Beam"": 13, ""Control"": 10}",False,False,mixed
24,,,,4,43,19,1,0,301,30,114,0,0,"[""0"", ""2"", ""4""]","[""COLORRGB3"", ""COLORRGB2"", ""COLORRGB1"", ""DIM"", ""COLORRGB5"", ""PAN"", ""TILT"", ""ZOOM"", ""PANROTATE"", ""POSITIONMSPEED""]","{""COLORRGB3"": 102, ""COLORRGB2"": 75, ""COLORRGB1"": 71, ""DIM"": 41, ""COLORRGB5"": 26, ""PAN"": 15, ""TILT"": 15, ""ZOOM"": 13, ""PANROTATE"": 11, ""POSITIONMSPEED"": 10, ""CONTROL"": 10, ""LEDFREQUENCY"": 10, ""LEDFREQUENCYADJUSTING"": 10, ""COLORMIXMODE"": 10, ""SHUTTER"": 10, ""COLORMACROS"": 10, ""CTO"": 10, ""FLOWEREFFECT"": 10}","{""Color"": 294, ""Dimmer"": 51, ""Position"": 51, ""Other"": 40, ""Beam"": 13, ""Control"": 10}",False,False,mixed
25,,,,4,48,19,1,0,302,34,114,0,0,"[""0"", ""2"", ""4""]","[""COLORRGB1"", ""COLORRGB3"", ""COLORRGB2"", ""DIM"", ""COLORRGB5"", ""PAN"", ""TILT"", ""ZOOM"", ""PANROTATE"", ""POSITIONMSPEED""]","{""COLORRGB1"": 105, ""COLORRGB3"": 75, ""COLORRGB2"": 69, ""DIM"": 45, ""COLORRGB5"": 26, ""PAN"": 15, ""TILT"": 15, ""ZOOM"": 13, ""PANROTATE"": 11, ""POSITIONMSPEED"": 10, ""CONTROL"": 10, ""LEDFREQUENCY"": 10, ""LEDFREQUENCYADJUSTING"": 10, ""COLORMIXMODE"": 10, ""SHUTTER"": 10, ""COLORMACROS"": 10, ""CTO"": 10, ""FLOWEREFFECT"": 10}","{""Color"": 295, ""Dimmer"": 55, ""Position"": 51, ""Other"": 40, ""Beam"": 13, ""Control"": 10}",False,False,mixed
26,,,,4,43,19,1,0,300,30,114,0,0,"[""0"", ""2"", ""4""]","[""COLORRGB2"", ""COLORRGB1"", ""COLORRGB3"", ""DIM"", ""COLORRGB5"", ""PAN"", ""TILT"", ""ZOOM"", ""PANROTATE"", ""POSITIONMSPEED""]","{""COLORRGB2"": 104, ""COLORRGB1"": 74, ""COLORRGB3"": 69, ""DIM"": 41, ""COLORRGB5"": 26, ""PAN"": 15, ""TILT"": 15, ""ZOOM"": 13, ""PANROTATE"": 11, ""POSITIONMSPEED"": 10, ""CONTROL"": 10, ""LEDFREQUENCY"": 10, ""LEDFREQUENCYADJUSTING"": 10, ""COLORMIXMODE"": 10, ""SHUTTER"": 10, ""COLORMACROS"": 10, ""CTO"": 10, ""FLOWEREFFECT"": 10}","{""Color"": 293, ""Dimmer"": 51, ""Position"": 51, ""Other"": 40, ""Beam"": 13, ""Control"": 10}",False,False,mixed
27,,,,3,40,12,1,0,71,26,73,0,0,"[""0"", ""4""]","[""DIM"", ""COLORRGB1"", ""COLORRGB2"", ""COLORRGB3"", ""COLORRGB5"", ""PANROTATE"", ""PAN"", ""TILT"", ""POSITIONMSPEED"", ""CONTROL""]","{""DIM"": 31, ""COLORRGB1"": 28, ""COLORRGB2"": 28, ""COLORRGB3"": 27, ""COLORRGB5"": 9, ""PANROTATE"": 4, ""PAN"": 4, ""TILT"": 4, ""POSITIONMSPEED"": 4, ""CONTROL"": 4, ""LEDFREQUENCY"": 4, ""LEDFREQUENCYADJUSTING"": 4, ""COLORMIXMODE"": 4, ""ZOOM"": 4, ""SHUTTER"": 4, ""COLORMACROS"": 4, ""CTO"": 4, ""FLOWEREFFECT"": 4}","{""Color"": 100, ""Dimmer"": 35, ""Position"": 16, ""Other"": 16, ""Control"": 4, ""Beam"": 4}",False,False,mixed
28,,,,3,44,12,1,0,71,30,73,0,0,"[""0"", ""4""]","[""DIM"", ""COLORRGB1"", ""COLORRGB2"", ""COLORRGB3"", ""COLORRGB5"", ""PANROTATE"", ""PAN"", ""TILT"", ""POSITIONMSPEED"", ""CONTROL""]","{""DIM"": 35, ""COLORRGB1"": 28, ""COLORRGB2"": 28, ""COLORRGB3"": 27, ""COLORRGB5"": 9, ""PANROTATE"": 4, ""PAN"": 4, ""TILT"": 4, ""POSITIONMSPEED"": 4, ""CONTROL"": 4, ""LEDFREQUENCY"": 4, ""LEDFREQUENCYADJUSTING"": 4, ""COLORMIXMODE"": 4, ""ZOOM"": 4, ""SHUTTER"": 4, ""COLORMACROS"": 4, ""CTO"": 4, ""FLOWEREFFECT"": 4}","{""Color"": 100, ""Dimmer"": 39, ""Position"": 16, ""Other"": 16, ""Control"": 4, ""Beam"": 4}",False,False,mixed
29,,,,3,36,11,1,0,47,21,9,0,0,"[""0"", ""4""]","[""DIM"", ""COLORRGB1"", ""COLORRGB2"", ""COLORRGB3""]","{""DIM"": 24, ""COLORRGB1"": 19, ""COLORRGB2"": 19, ""COLORRGB3"": 18}","{""Color"": 56, ""Dimmer"": 24}",False,False,mixed
30,,,,3,36,11,1,0,44,21,9,0,0,"[""0"", ""4""]","[""DIM"", ""COLORRGB1"", ""COLORRGB2"", ""COLORRGB3""]","{""DIM"": 24, ""COLORRGB1"": 18, ""COLORRGB2"": 18, ""COLORRGB3"": 17}","{""Color"": 53, ""Dimmer"": 24}",False,False,mixed
31,,,,4,46,13,1,0,44,26,9,0,0,"[""0"", ""4""]","[""DIM"", ""COLORRGB1"", ""COLORRGB2"", ""COLORRGB3""]","{""DIM"": 29, ""COLORRGB1"": 18, ""COLORRGB2"": 18, ""COLORRGB3"": 17}","{""Color"": 53, ""Dimmer"": 29}",False,False,mixed
32,,,,5,47,12,1,0,44,22,9,0,0,"[""0"", ""4""]","[""DIM"", ""COLORRGB1"", ""COLORRGB2"", ""COLORRGB3""]","{""DIM"": 25, ""COLORRGB1"": 18, ""COLORRGB2"": 18, ""COLORRGB3"": 17}","{""Color"": 53, ""Dimmer"": 25}",False,False,mixed
33,,,,1,12,7,1,0,30,10,12,0,0,"[""0"", ""4""]","[""COLORRGB1"", ""COLORRGB2"", ""COLORRGB3"", ""DIM""]","{""COLORRGB1"": 14, ""COLORRGB2"": 14, ""COLORRGB3"": 14, ""DIM"": 11}","{""Color"": 42, ""Dimmer"": 11}",False,False,mixed
34,,,,1,12,7,1,0,30,10,12,0,0,"[""0"", ""4""]","[""COLORRGB1"", ""COLORRGB2"", ""COLORRGB3"", ""DIM""]","{""COLORRGB1"": 14, ""COLORRGB2"": 14, ""COLORRGB3"": 14, ""DIM"": 11}","{""Color"": 42, ""Dimmer"": 11}",False,False,mixed
35,,,,1,12,7,1,0,30,10,12,0,0,"[""0"", ""4""]","[""COLORRGB1"", ""COLORRGB2"", ""COLORRGB3"", ""DIM""]","{""COLORRGB1"": 14, ""COLORRGB2"": 14, ""COLORRGB3"": 14, ""DIM"": 11}","{""Color"": 42, ""Dimmer"": 11}",False,False,mixed
36,,,,1,12,7,1,0,30,10,12,0,0,"[""0"", ""4""]","[""COLORRGB1"", ""COLORRGB2"", ""COLORRGB3"", ""DIM""]","{""COLORRGB1"": 14, ""COLORRGB2"": 14, ""COLORRGB3"": 14, ""DIM"": 11}","{""Color"": 42, ""Dimmer"": 11}",False,False,mixed
37,,,,1,16,7,1,0,30,14,12,0,0,"[""0"", ""4""]","[""DIM"", ""COLORRGB1"", ""COLORRGB2"", ""COLORRGB3""]","{""DIM"": 15, ""COLORRGB1"": 14, ""COLORRGB2"": 14, ""COLORRGB3"": 14}","{""Color"": 42, ""Dimmer"": 15}",False,False,mixed
38,,,,1,16,7,1,0,30,14,12,0,0,"[""0"", ""4""]","[""DIM"", ""COLORRGB1"", ""COLORRGB2"", ""COLORRGB3""]","{""DIM"": 15, ""COLORRGB1"": 14, ""COLORRGB2"": 14, ""COLORRGB3"": 14}","{""Color"": 42, ""Dimmer"": 15}",False,False,mixed
39,,,,1,16,7,1,0,30,14,12,0,0,"[""0"", ""4""]","[""DIM"", ""COLORRGB1"", ""COLORRGB2"", ""COLORRGB3""]","{""DIM"": 15, ""COLORRGB1"": 14, ""COLORRGB2"": 14, ""COLORRGB3"": 14}","{""Color"": 42, ""Dimmer"": 15}",False,False,mixed
40,,,,1,21,7,1,0,45,9,30,0,0,"[""0"", ""4""]","[""COLORRGB1"", ""COLORRGB2"", ""COLORRGB3"", ""DIM""]","{""COLORRGB1"": 25, ""COLORRGB2"": 25, ""COLORRGB3"": 25, ""DIM"": 10}","{""Color"": 75, ""Dimmer"": 10}",False,False,mixed
41,RLB350M1 1,12 Robin LEDBeam 350 Mode 1,13.001,6,71,10,0,0,191,56,278,0,0,"[""0""]","[""DIM"", ""COLORRGB1"", ""COLORRGB2"", ""COLORRGB3"", ""COLORRGB5"", ""PAN"", ""TILT"", ""ZOOM"", ""COLORMIXER"", ""COLORTEMPERATURE""]","{""DIM"": 74, ""COLORRGB1"": 58, ""COLORRGB2"": 58, ""COLORRGB3"": 58, ""COLORRGB5"": 58, ""PAN"": 28, ""TILT"": 28, ""ZOOM"": 27, ""COLORMIXER"": 26, ""COLORTEMPERATURE"": 26, ""SHUTTER"": 26, ""POSITIONMSPEED"": 25, ""FIXTUREGLOBALRESET"": 25, ""COLORMODE2"": 25}","{""Color"": 309, ""Dimmer"": 100, ""Position"": 81, ""Beam"": 27, ""Other"": 25}",False,False,mixed
42,RLB350M1 2,12 Robin LEDBeam 350 Mode 1,13.023,6,70,11,0,0,207,54,279,0,0,"[""0""]","[""DIM"", ""COLORRGB1"", ""COLORRGB2"", ""COLORRGB3"", ""COLORRGB5"", ""PAN"", ""TILT"", ""ZOOM"", ""COLORMIXER"", ""COLORTEMPERATURE""]","{""DIM"": 75, ""COLORRGB1"": 60, ""COLORRGB2"": 60, ""COLORRGB3"": 60, ""COLORRGB5"": 60, ""PAN"": 29, ""TILT"": 29, ""ZOOM"": 28, ""COLORMIXER"": 27, ""COLORTEMPERATURE"": 27, ""SHUTTER"": 27, ""POSITIONMSPEED"": 26, ""FIXTUREGLOBALRESET"": 26, ""COLORMODE2"": 26}","{""Color"": 320, ""Dimmer"": 102, ""Position"": 84, ""Beam"": 28, ""Other"": 26}",False,False,mixed
43,RLB350M1 3,12 Robin LEDBeam 350 Mode 1,13.045,6,58,10,0,0,139,41,231,0,0,"[""0""]","[""DIM"", ""COLORRGB1"", ""COLORRGB2"", ""COLORRGB3"", ""COLORRGB5"", ""PAN"", ""TILT"", ""ZOOM"", ""COLORMIXER"", ""COLORTEMPERATURE""]","{""DIM"": 61, ""COLORRGB1"": 33, ""COLORRGB2"": 33, ""COLORRGB3"": 33, ""COLORRGB5"": 33, ""PAN"": 28, ""TILT"": 28, ""ZOOM"": 27, ""COLORMIXER"": 26, ""COLORTEMPERATURE"": 26, ""POSITIONMSPEED"": 25, ""FIXTUREGLOBALRESET"": 25, ""COLORMODE2"": 25, ""SHUTTER"": 25}","{""Color"": 209, ""Dimmer"": 86, ""Position"": 81, ""Beam"": 27, ""Other"": 25}",False,False,mixed
44,RLB350M1 4,12 Robin LEDBeam 350 Mode 1,13.067,6,58,10,0,0,139,41,231,0,0,"[""0""]","[""DIM"", ""COLORRGB1"", ""COLORRGB2"", ""COLORRGB3"", ""COLORRGB5"", ""PAN"", ""TILT"", ""ZOOM"", ""COLORMIXER"", ""COLORTEMPERATURE""]","{""DIM"": 61, ""COLORRGB1"": 33, ""COLORRGB2"": 33, ""COLORRGB3"": 33, ""COLORRGB5"": 33, ""PAN"": 28, ""TILT"": 28, ""ZOOM"": 27, ""COLORMIXER"": 26, ""COLORTEMPERATURE"": 26, ""POSITIONMSPEED"": 25, ""FIXTUREGLOBALRESET"": 25, ""COLORMODE2"": 25, ""SHUTTER"": 25}","{""Color"": 209, ""Dimmer"": 86, ""Position"": 81, ""Beam"": 27, ""Other"": 25}",False,False,mixed
45,RLB350M1 5,12 Robin LEDBeam 350 Mode 1,13.089,6,58,11,0,0,155,41,231,0,0,"[""0""]","[""DIM"", ""COLORRGB1"", ""COLORRGB2"", ""COLORRGB3"", ""COLORRGB5"", ""PAN"", ""TILT"", ""ZOOM"", ""COLORMIXER"", ""COLORTEMPERATURE""]","{""DIM"": 63, ""COLORRGB1"": 35, ""COLORRGB2"": 35, ""COLORRGB3"": 35, ""COLORRGB5"": 35, ""PAN"": 29, ""TILT"": 29, ""ZOOM"": 28, ""COLORMIXER"": 27, ""COLORTEMPERATURE"": 27, ""POSITIONMSPEED"": 26, ""FIXTUREGLOBALRESET"": 26, ""COLORMODE2"": 26, ""SHUTTER"": 26}","{""Color"": 220, ""Dimmer"": 89, ""Position"": 84, ""Beam"": 28, ""Other"": 26}",False,False,mixed
46,RLB350M1 6,12 Robin LEDBeam 350 Mode 1,13.111,6,44,10,0,0,139,27,231,0,0,"[""0""]","[""DIM"", ""COLORRGB1"", ""COLORRGB2"", ""COLORRGB3"", ""COLORRGB5"", ""PAN"", ""TILT"", ""ZOOM"", ""COLORMIXER"", ""COLORTEMPERATURE""]","{""DIM"": 47, ""COLORRGB1"": 33, ""COLORRGB2"": 33, ""COLORRGB3"": 33, ""COLORRGB5"": 33, ""PAN"": 28, ""TILT"": 28, ""ZOOM"": 27, ""COLORMIXER"": 26, ""COLORTEMPERATURE"": 26, ""POSITIONMSPEED"": 25, ""FIXTUREGLOBALRESET"": 25, ""COLORMODE2"": 25, ""SHUTTER"": 25}","{""Color"": 209, ""Position"": 81, ""Dimmer"": 72, ""Beam"": 27, ""Other"": 25}",False,False,mixed
47,RLB350M1 7,12 Robin LEDBeam 350 Mode 1,5.001,6,71,10,0,0,201,56,278,0,0,"[""0""]","[""DIM"", ""COLORRGB1"", ""COLORRGB2"", ""COLORRGB3"", ""COLORRGB5"", ""PAN"", ""TILT"", ""ZOOM"", ""COLORMIXER"", ""COLORTEMPERATURE""]","{""DIM"": 75, ""COLORRGB1"": 59, ""COLORRGB2"": 59, ""COLORRGB3"": 59, ""COLORRGB5"": 59, ""PAN"": 28, ""TILT"": 28, ""ZOOM"": 28, ""COLORMIXER"": 27, ""COLORTEMPERATURE"": 27, ""SHUTTER"": 27, ""POSITIONMSPEED"": 26, ""FIXTUREGLOBALRESET"": 26, ""COLORMODE2"": 26}","{""Color"": 316, ""Dimmer"": 102, ""Position"": 82, ""Beam"": 28, ""Other"": 26}",False,False,mixed
48,RLB350M1 8,12 Robin LEDBeam 350 Mode 1,5.023,6,70,11,0,0,217,54,279,0,0,"[""0""]","[""DIM"", ""COLORRGB1"", ""COLORRGB2"", ""COLORRGB3"", ""COLORRGB5"", ""PAN"", ""TILT"", ""ZOOM"", ""COLORMIXER"", ""COLORTEMPERATURE""]","{""DIM"": 76, ""COLORRGB1"": 61, ""COLORRGB2"": 61, ""COLORRGB3"": 61, ""COLORRGB5"": 61, ""PAN"": 29, ""TILT"": 29, ""ZOOM"": 29, ""COLORMIXER"": 28, ""COLORTEMPERATURE"": 28, ""SHUTTER"": 28, ""POSITIONMSPEED"": 27, ""FIXTUREGLOBALRESET"": 27, ""COLORMODE2"": 27}","{""Color"": 327, ""Dimmer"": 104, ""Position"": 85, ""Beam"": 29, ""Other"": 27}",False,False,mixed
49,RLB350M1 9,12 Robin LEDBeam 350 Mode 1,5.045,6,58,10,0,0,149,41,231,0,0,"[""0""]","[""DIM"", ""COLORRGB1"", ""COLORRGB2"", ""COLORRGB3"", ""COLORRGB5"", ""PAN"", ""TILT"", ""ZOOM"", ""COLORMIXER"", ""COLORTEMPERATURE""]","{""DIM"": 62, ""COLORRGB1"": 34, ""COLORRGB2"": 34, ""COLORRGB3"": 34, ""COLORRGB5"": 34, ""PAN"": 28, ""TILT"": 28, ""ZOOM"": 28, ""COLORMIXER"": 27, ""COLORTEMPERATURE"": 27, ""POSITIONMSPEED"": 26, ""FIXTUREGLOBALRESET"": 26, ""COLORMODE2"": 26, ""SHUTTER"": 26}","{""Color"": 216, ""Dimmer"": 88, ""Position"": 82, ""Beam"": 28, ""Other"": 26}",False,False,mixed
50,RLB350M1 10,12 Robin LEDBeam 350 Mode 1,5.067,6,58,10,0,0,149,41,231,0,0,"[""0""]","[""DIM"", ""COLORRGB1"", ""COLORRGB2"", ""COLORRGB3"", ""COLORRGB5"", ""PAN"", ""TILT"", ""ZOOM"", ""COLORMIXER"", ""COLORTEMPERATURE""]","{""DIM"": 62, ""COLORRGB1"": 34, ""COLORRGB2"": 34, ""COLORRGB3"": 34, ""COLORRGB5"": 34, ""PAN"": 28, ""TILT"": 28, ""ZOOM"": 28, ""COLORMIXER"": 27, ""COLORTEMPERATURE"": 27, ""POSITIONMSPEED"": 26, ""FIXTUREGLOBALRESET"": 26, ""COLORMODE2"": 26, ""SHUTTER"": 26}","{""Color"": 216, ""Dimmer"": 88, ""Position"": 82, ""Beam"": 28, ""Other"": 26}",False,False,mixed
51,RLB350M1 11,12 Robin LEDBeam 350 Mode 1,5.089,6,58,11,0,0,165,41,231,0,0,"[""0""]","[""DIM"", ""COLORRGB1"", ""COLORRGB2"", ""COLORRGB3"", ""COLORRGB5"", ""PAN"", ""TILT"", ""ZOOM"", ""COLORMIXER"", ""COLORTEMPERATURE""]","{""DIM"": 64, ""COLORRGB1"": 36, ""COLORRGB2"": 36, ""COLORRGB3"": 36, ""COLORRGB5"": 36, ""PAN"": 29, ""TILT"": 29, ""ZOOM"": 29, ""COLORMIXER"": 28, ""COLORTEMPERATURE"": 28, ""POSITIONMSPEED"": 27, ""FIXTUREGLOBALRESET"": 27, ""COLORMODE2"": 27, ""SHUTTER"": 27}","{""Color"": 227, ""Dimmer"": 91, ""Position"": 85, ""Beam"": 29, ""Other"": 27}",False,False,mixed
52,RLB350M1 12,12 Robin LEDBeam 350 Mode 1,5.111,6,44,10,0,0,149,27,231,0,0,"[""0""]","[""DIM"", ""COLORRGB1"", ""COLORRGB2"", ""COLORRGB3"", ""COLORRGB5"", ""PAN"", ""TILT"", ""ZOOM"", ""COLORMIXER"", ""COLORTEMPERATURE""]","{""DIM"": 48, ""COLORRGB1"": 34, ""COLORRGB2"": 34, ""COLORRGB3"": 34, ""COLORRGB5"": 34, ""PAN"": 28, ""TILT"": 28, ""ZOOM"": 28, ""COLORMIXER"": 27, ""COLORTEMPERATURE"": 27, ""POSITIONMSPEED"": 26, ""FIXTUREGLOBALRESET"": 26, ""COLORMODE2"": 26, ""SHUTTER"": 26}","{""Color"": 216, ""Position"": 82, ""Dimmer"": 74, ""Beam"": 28, ""Other"": 26}",False,False,mixed
61,HotboxW8 1,14 Hotbox RGBW 8 channel,2.217,2,5,0,0,0,16,5,0,0,0,[],"[""DIM"", ""COLORRGB1"", ""COLORRGB2"", ""COLORRGB3"", ""COLORRGB5""]","{""DIM"": 5, ""COLORRGB1"": 4, ""COLORRGB2"": 4, ""COLORRGB3"": 4, ""COLORRGB5"": 4}","{""Color"": 16, ""Dimmer"": 5}",False,False,hard_only
62,HotboxW8 2,14 Hotbox RGBW 8 channel,2.225,2,5,0,0,0,16,5,0,0,0,[],"[""DIM"", ""COLORRGB1"", ""COLORRGB2"", ""COLORRGB3"", ""COLORRGB5""]","{""DIM"": 5, ""COLORRGB1"": 4, ""COLORRGB2"": 4, ""COLORRGB3"": 4, ""COLORRGB5"": 4}","{""Color"": 16, ""Dimmer"": 5}",False,False,hard_only
63,HotboxW8 3,14 Hotbox RGBW 8 channel,2.233,2,5,0,0,0,16,5,0,0,0,[],"[""DIM"", ""COLORRGB1"", ""COLORRGB2"", ""COLORRGB3"", ""COLORRGB5""]","{""DIM"": 5, ""COLORRGB1"": 4, ""COLORRGB2"": 4, ""COLORRGB3"": 4, ""COLORRGB5"": 4}","{""Color"": 16, ""Dimmer"": 5}",False,False,hard_only
64,HotboxW8 4,14 Hotbox RGBW 8 channel,2.241,2,5,0,0,0,16,5,0,0,0,[],"[""DIM"", ""COLORRGB1"", ""COLORRGB2"", ""COLORRGB3"", ""COLORRGB5""]","{""DIM"": 5, ""COLORRGB1"": 4, ""COLORRGB2"": 4, ""COLORRGB3"": 4, ""COLORRGB5"": 4}","{""Color"": 16, ""Dimmer"": 5}",False,False,hard_only
65,HotboxW8 5,14 Hotbox RGBW 8 channel,2.249,3,11,1,0,0,10,8,31,0,0,"[""0""]","[""DIM"", ""COLORRGB1"", ""COLORRGB2"", ""COLORRGB3"", ""COLORRGB5"", ""COLORMIXER"", ""SHUTTER"", ""COLORMIXMACRORATE""]","{""DIM"": 12, ""COLORRGB1"": 6, ""COLORRGB2"": 6, ""COLORRGB3"": 6, ""COLORRGB5"": 6, ""COLORMIXER"": 5, ""SHUTTER"": 5, ""COLORMIXMACRORATE"": 5}","{""Color"": 34, ""Dimmer"": 17}",False,False,mixed
66,HotboxW8 6,14 Hotbox RGBW 8 channel,2.257,3,13,1,0,0,10,9,32,0,0,"[""0""]","[""DIM"", ""COLORRGB1"", ""COLORRGB2"", ""COLORRGB3"", ""COLORRGB5"", ""COLORMIXER"", ""SHUTTER"", ""COLORMIXMACRORATE""]","{""DIM"": 14, ""COLORRGB1"": 6, ""COLORRGB2"": 6, ""COLORRGB3"": 6, ""COLORRGB5"": 6, ""COLORMIXER"": 5, ""SHUTTER"": 5, ""COLORMIXMACRORATE"": 5}","{""Color"": 34, ""Dimmer"": 19}",False,False,mixed
67,HotboxW8 1,14 Hotbox RGBW 8 channel,1.401,2,10,1,0,0,16,5,20,0,0,"[""0""]","[""DIM"", ""COLORRGB1"", ""COLORRGB2"", ""COLORRGB3"", ""COLORRGB5""]","{""DIM"": 10, ""COLORRGB1"": 8, ""COLORRGB2"": 8, ""COLORRGB3"": 8, ""COLORRGB5"": 8}","{""Color"": 32, ""Dimmer"": 10}",False,False,mixed
71,HelM1 1,16 Helios Tube 1: RGB - 1 Pixel - Strobe Off,14.001,2,7,2,1,0,9,2,16,0,0,"[""0""]","[""DIM"", ""COLORRGB1"", ""COLORRGB2"", ""COLORRGB3""]","{""DIM"": 8, ""COLORRGB1"": 7, ""COLORRGB2"": 7, ""COLORRGB3"": 7}","{""Color"": 21, ""Dimmer"": 8}",False,False,mixed
72,HelM1 2,16 Helios Tube 1: RGB - 1 Pixel - Strobe Off,14.004,2,7,2,1,0,9,2,16,0,0,"[""0""]","[""DIM"", ""COLORRGB1"", ""COLORRGB2"", ""COLORRGB3""]","{""DIM"": 8, ""COLORRGB1"": 7, ""COLORRGB2"": 7, ""COLORRGB3"": 7}","{""Color"": 21, ""Dimmer"": 8}",False,False,mixed
73,HelM1 3,16 Helios Tube 1: RGB - 1 Pixel - Strobe Off,14.007,2,7,2,1,0,9,2,16,0,0,"[""0""]","[""DIM"", ""COLORRGB1"", ""COLORRGB2"", ""COLORRGB3""]","{""DIM"": 8, ""COLORRGB1"": 7, ""COLORRGB2"": 7, ""COLORRGB3"": 7}","{""Color"": 21, ""Dimmer"": 8}",False,False,mixed
74,HelM1 4,16 Helios Tube 1: RGB - 1 Pixel - Strobe Off,14.010,2,7,2,1,0,9,2,16,0,0,"[""0""]","[""DIM"", ""COLORRGB1"", ""COLORRGB2"", ""COLORRGB3""]","{""DIM"": 8, ""COLORRGB1"": 7, ""COLORRGB2"": 7, ""COLORRGB3"": 7}","{""Color"": 21, ""Dimmer"": 8}",False,False,mixed
75,HelM1 5,16 Helios Tube 1: RGB - 1 Pixel - Strobe Off,14.013,2,7,2,1,0,9,2,16,0,0,"[""0""]","[""DIM"", ""COLORRGB1"", ""COLORRGB2"", ""COLORRGB3""]","{""DIM"": 8, ""COLORRGB1"": 7, ""COLORRGB2"": 7, ""COLORRGB3"": 7}","{""Color"": 21, ""Dimmer"": 8}",False,False,mixed
76,HelM1 6,16 Helios Tube 1: RGB - 1 Pixel - Strobe Off,14.016,2,7,2,1,0,9,2,16,0,0,"[""0""]","[""DIM"", ""COLORRGB1"", ""COLORRGB2"", ""COLORRGB3""]","{""DIM"": 8, ""COLORRGB1"": 7, ""COLORRGB2"": 7, ""COLORRGB3"": 7}","{""Color"": 21, ""Dimmer"": 8}",False,False,mixed
77,HelM1 7,16 Helios Tube 1: RGB - 1 Pixel - Strobe Off,14.019,2,7,2,1,0,9,2,16,0,0,"[""0""]","[""DIM"", ""COLORRGB1"", ""COLORRGB2"", ""COLORRGB3""]","{""DIM"": 8, ""COLORRGB1"": 7, ""COLORRGB2"": 7, ""COLORRGB3"": 7}","{""Color"": 21, ""Dimmer"": 8}",False,False,mixed
78,HelM1 8,16 Helios Tube 1: RGB - 1 Pixel - Strobe Off,14.022,2,7,2,1,0,9,2,16,0,0,"[""0""]","[""DIM"", ""COLORRGB1"", ""COLORRGB2"", ""COLORRGB3""]","{""DIM"": 8, ""COLORRGB1"": 7, ""COLORRGB2"": 7, ""COLORRGB3"": 7}","{""Color"": 21, ""Dimmer"": 8}",False,False,mixed
101,,,,1,50,28,1,0,470,40,322,0,0,"[""0"", ""2"", ""4""]","[""DIM"", ""COLORRGB1"", ""COLORRGB2"", ""COLORRGB3"", ""COLORRGB5"", ""PAN"", ""TILT"", ""ZOOM"", ""SHUTTER"", ""POSITIONMSPEED""]","{""DIM"": 70, ""COLORRGB1"": 58, ""COLORRGB2"": 58, ""COLORRGB3"": 57, ""COLORRGB5"": 57, ""PAN"": 56, ""TILT"": 56, ""ZOOM"": 52, ""SHUTTER"": 48, ""POSITIONMSPEED"": 44, ""LAMPCONTROL"": 44, ""PIXELEFFECTS"": 44, ""PIXELEFFECTSSPEED"": 44, ""PIXELEFFECTSFADE"": 44, ""COLORMIXER"": 44, ""CTC"": 44, ""COLORMIXMODE"": 44, ""FLOWEREFFECT"": 5, ""FLOWERCOLORMACROS"": 5}","{""Color"": 318, ""Other"": 186, ""Position"": 156, ""Dimmer"": 118, ""Beam"": 52, ""Control"": 44}",False,False,mixed
102,,,,1,50,29,1,0,472,38,343,0,0,"[""0"", ""2"", ""4""]","[""DIM"", ""COLORRGB1"", ""COLORRGB2"", ""COLORRGB3"", ""COLORRGB5"", ""PAN"", ""TILT"", ""ZOOM"", ""SHUTTER"", ""COLORMIXER""]","{""DIM"": 73, ""COLORRGB1"": 59, ""COLORRGB2"": 59, ""COLORRGB3"": 59, ""COLORRGB5"": 59, ""PAN"": 56, ""TILT"": 56, ""ZOOM"": 51, ""SHUTTER"": 49, ""COLORMIXER"": 47, ""CTC"": 47, ""COLORMIXMODE"": 47, ""POSITIONMSPEED"": 45, ""LAMPCONTROL"": 45, ""PIXELEFFECTS"": 45, ""PIXELEFFECTSSPEED"": 45, ""PIXELEFFECTSFADE"": 45, ""FLOWEREFFECT"": 5, ""FLOWERCOLORMACROS"": 5}","{""Color"": 330, ""Other"": 192, ""Position"": 157, ""Dimmer"": 122, ""Beam"": 51, ""Control"": 45}",False,False,mixed
103,RSpiide3 3,7 Robin Spiider Mode 3,4.067,1,23,18,1,0,238,24,114,0,0,"[""0"", ""4""]","[""DIM"", ""COLORRGB1"", ""COLORRGB2"", ""COLORRGB3"", ""COLORRGB5"", ""PAN"", ""TILT"", ""ZOOM"", ""COLORMIXER"", ""CTC""]","{""DIM"": 31, ""COLORRGB1"": 30, ""COLORRGB2"": 30, ""COLORRGB3"": 30, ""COLORRGB5"": 30, ""PAN"": 25, ""TILT"": 25, ""ZOOM"": 24, ""COLORMIXER"": 22, ""CTC"": 22, ""COLORMIXMODE"": 22, ""POSITIONMSPEED"": 17, ""LAMPCONTROL"": 17, ""PIXELEFFECTS"": 17, ""PIXELEFFECTSSPEED"": 17, ""PIXELEFFECTSFADE"": 17, ""SHUTTER"": 17}","{""Color"": 164, ""Other"": 73, ""Position"": 67, ""Dimmer"": 48, ""Beam"": 24, ""Control"": 17}",False,False,mixed
104,RSpiide3 4,7 Robin Spiider Mode 3,4.100,1,25,17,1,0,253,20,114,0,0,"[""0"", ""4""]","[""COLORRGB1"", ""COLORRGB2"", ""COLORRGB3"", ""COLORRGB5"", ""DIM"", ""ZOOM"", ""PAN"", ""TILT"", ""COLORMIXER"", ""CTC""]","{""COLORRGB1"": 30, ""COLORRGB2"": 30, ""COLORRGB3"": 30, ""COLORRGB5"": 30, ""DIM"": 29, ""ZOOM"": 27, ""PAN"": 25, ""TILT"": 25, ""COLORMIXER"": 24, ""CTC"": 24, ""COLORMIXMODE"": 24, ""POSITIONMSPEED"": 18, ""LAMPCONTROL"": 18, ""PIXELEFFECTS"": 18, ""PIXELEFFECTSSPEED"": 18, ""PIXELEFFECTSFADE"": 18, ""SHUTTER"": 18}","{""Color"": 168, ""Other"": 78, ""Position"": 68, ""Dimmer"": 47, ""Beam"": 27, ""Control"": 18}",False,False,mixed
105,RSpiide3 5,7 Robin Spiider Mode 3,4.133,1,28,19,1,0,260,21,159,0,0,"[""0"", ""4""]","[""DIM"", ""COLORRGB1"", ""COLORRGB2"", ""COLORRGB3"", ""COLORRGB5"", ""ZOOM"", ""PAN"", ""TILT"", ""COLORMIXER"", ""CTC""]","{""DIM"": 35, ""COLORRGB1"": 33, ""COLORRGB2"": 33, ""COLORRGB3"": 33, ""COLORRGB5"": 33, ""ZOOM"": 30, ""PAN"": 28, ""TILT"": 28, ""COLORMIXER"": 28, ""CTC"": 28, ""COLORMIXMODE"": 28, ""POSITIONMSPEED"": 22, ""LAMPCONTROL"": 22, ""SHUTTER"": 22, ""PIXELEFFECTS"": 20, ""PIXELEFFECTSSPEED"": 20, ""PIXELEFFECTSFADE"": 20}","{""Color"": 188, ""Other"": 88, ""Position"": 78, ""Dimmer"": 57, ""Beam"": 30, ""Control"": 22}",False,False,mixed
106,RSpiide3 6,7 Robin Spiider Mode 3,4.166,1,37,18,1,0,275,34,133,0,0,"[""0"", ""4""]","[""DIM"", ""COLORRGB1"", ""COLORRGB2"", ""COLORRGB3"", ""COLORRGB5"", ""PAN"", ""TILT"", ""ZOOM"", ""COLORMIXER"", ""CTC""]","{""DIM"": 43, ""COLORRGB1"": 34, ""COLORRGB2"": 34, ""COLORRGB3"": 34, ""COLORRGB5"": 34, ""PAN"": 31, ""TILT"": 30, ""ZOOM"": 29, ""COLORMIXER"": 25, ""CTC"": 25, ""COLORMIXMODE"": 25, ""POSITIONMSPEED"": 20, ""LAMPCONTROL"": 20, ""SHUTTER"": 20, ""PIXELEFFECTS"": 19, ""PIXELEFFECTSSPEED"": 19, ""PIXELEFFECTSFADE"": 19}","{""Color"": 186, ""Other"": 82, ""Position"": 81, ""Dimmer"": 63, ""Beam"": 29, ""Control"": 20}",False,False,mixed
107,RSpiide3 7,7 Robin Spiider Mode 3,4.271,1,40,21,0,0,336,32,201,0,0,"[""0"", ""4""]","[""DIM"", ""COLORRGB2"", ""COLORRGB3"", ""COLORRGB5"", ""PAN"", ""COLORRGB1"", ""TILT"", ""ZOOM"", ""COLORMIXER"", ""CTC""]","{""DIM"": 54, ""COLORRGB2"": 41, ""COLORRGB3"": 41, ""COLORRGB5"": 41, ""PAN"": 40, ""COLORRGB1"": 40, ""TILT"": 39, ""ZOOM"": 38, ""COLORMIXER"": 32, ""CTC"": 32, ""COLORMIXMODE"": 32, ""POSITIONMSPEED"": 28, ""LAMPCONTROL"": 28, ""PIXELEFFECTS"": 28, ""PIXELEFFECTSSPEED"": 28, ""PIXELEFFECTSFADE"": 28, ""SHUTTER"": 28}","{""Color"": 227, ""Other"": 116, ""Position"": 107, ""Dimmer"": 82, ""Beam"": 38, ""Control"": 28}",False,False,mixed
108,RSpiide3 8,7 Robin Spiider Mode 3,4.304,1,41,20,0,0,317,36,179,0,0,"[""0"", ""4""]","[""DIM"", ""COLORRGB2"", ""COLORRGB3"", ""COLORRGB5"", ""PAN"", ""COLORRGB1"", ""TILT"", ""ZOOM"", ""COLORMIXER"", ""CTC""]","{""DIM"": 54, ""COLORRGB2"": 39, ""COLORRGB3"": 39, ""COLORRGB5"": 39, ""PAN"": 38, ""COLORRGB1"": 38, ""TILT"": 37, ""ZOOM"": 33, ""COLORMIXER"": 30, ""CTC"": 30, ""COLORMIXMODE"": 30, ""POSITIONMSPEED"": 25, ""LAMPCONTROL"": 25, ""PIXELEFFECTS"": 25, ""PIXELEFFECTSSPEED"": 25, ""PIXELEFFECTSFADE"": 25, ""SHUTTER"": 25}","{""Color"": 215, ""Other"": 105, ""Position"": 100, ""Dimmer"": 79, ""Beam"": 33, ""Control"": 25}",False,False,mixed
111,,,,2,13,4,0,0,107,18,26,0,0,"[""0""]","[""DIM"", ""COLORRGB1"", ""COLORRGB2"", ""COLORRGB3"", ""COLORRGB5"", ""PAN"", ""TILT"", ""STROBEDURATION"", ""STROBEEFFECTRATE"", ""ZOOM""]","{""DIM"": 44, ""COLORRGB1"": 27, ""COLORRGB2"": 27, ""COLORRGB3"": 27, ""COLORRGB5"": 7, ""PAN"": 6, ""TILT"": 6, ""STROBEDURATION"": 6, ""STROBEEFFECTRATE"": 6, ""ZOOM"": 3, ""PANROTATE"": 2, ""TILTROTATE"": 2, ""POSITIONMSPEED"": 2, ""DMXSOURCE"": 2, ""LEDFREQUENCY"": 2, ""LEDFREQUENCYADJUST"": 2, ""CTO"": 2, ""TINT"": 2, ""COLORMIXMODE"": 2, ""SPECIALEFFECTS"": 2, ""CTC"": 2}","{""Color"": 90, ""Dimmer"": 56, ""Position"": 18, ""Other"": 14, ""Beam"": 3}",False,False,preset_only
112,,,,2,13,5,0,0,50,18,26,0,0,"[""0""]","[""DIM"", ""COLORRGB5"", ""PAN"", ""TILT"", ""COLORRGB1"", ""COLORRGB2"", ""COLORRGB3"", ""STROBEDURATION"", ""STROBEEFFECTRATE"", ""ZOOM""]","{""DIM"": 45, ""COLORRGB5"": 8, ""PAN"": 7, ""TILT"": 7, ""COLORRGB1"": 7, ""COLORRGB2"": 7, ""COLORRGB3"": 7, ""STROBEDURATION"": 6, ""STROBEEFFECTRATE"": 6, ""ZOOM"": 3, ""PANROTATE"": 2, ""TILTROTATE"": 2, ""POSITIONMSPEED"": 2, ""DMXSOURCE"": 2, ""LEDFREQUENCY"": 2, ""LEDFREQUENCYADJUST"": 2, ""CTO"": 2, ""TINT"": 2, ""COLORMIXMODE"": 2, ""SPECIALEFFECTS"": 2, ""CTC"": 2}","{""Dimmer"": 57, ""Color"": 31, ""Position"": 20, ""Other"": 14, ""Beam"": 3}",False,False,preset_only
201,,,,1,47,20,1,0,343,45,225,0,0,"[""0"", ""4""]","[""DIM"", ""COLORRGB1"", ""COLORRGB2"", ""COLORRGB3"", ""COLORRGB5"", ""PAN"", ""TILT"", ""ZOOM"", ""SHUTTER"", ""POSITIONMSPEED""]","{""DIM"": 61, ""COLORRGB1"": 45, ""COLORRGB2"": 45, ""COLORRGB3"": 44, ""COLORRGB5"": 44, ""PAN"": 42, ""TILT"": 42, ""ZOOM"": 41, ""SHUTTER"": 33, ""POSITIONMSPEED"": 29, ""LAMPCONTROL"": 29, ""PIXELEFFECTS"": 29, ""PIXELEFFECTSSPEED"": 29, ""PIXELEFFECTSFADE"": 29, ""COLORMIXER"": 29, ""CTC"": 29, ""COLORMIXMODE"": 29, ""FLOWEREFFECT"": 5, ""FLOWERCOLORMACROS"": 5}","{""Color"": 236, ""Other"": 126, ""Position"": 113, ""Dimmer"": 94, ""Beam"": 41, ""Control"": 29}",False,False,mixed
202,,,,1,49,21,1,0,345,47,248,0,0,"[""0"", ""4""]","[""DIM"", ""COLORRGB1"", ""COLORRGB2"", ""COLORRGB3"", ""COLORRGB5"", ""PAN"", ""TILT"", ""ZOOM"", ""SHUTTER"", ""COLORMIXER""]","{""DIM"": 64, ""COLORRGB1"": 45, ""COLORRGB2"": 45, ""COLORRGB3"": 45, ""COLORRGB5"": 45, ""PAN"": 44, ""TILT"": 44, ""ZOOM"": 40, ""SHUTTER"": 35, ""COLORMIXER"": 32, ""CTC"": 32, ""COLORMIXMODE"": 32, ""POSITIONMSPEED"": 31, ""LAMPCONTROL"": 31, ""PIXELEFFECTS"": 31, ""PIXELEFFECTSSPEED"": 31, ""PIXELEFFECTSFADE"": 31, ""FLOWEREFFECT"": 5, ""FLOWERCOLORMACROS"": 5}","{""Color"": 244, ""Other"": 135, ""Position"": 119, ""Dimmer"": 99, ""Beam"": 40, ""Control"": 31}",False,False,mixed
666,Robin T1 Profile FS 1,13 Robin T1 Profile FS Mode 3 - RGBAL,10.001,2,2,0,0,0,0,2,0,0,0,[],"[""DIM""]","{""DIM"": 2}","{""Dimmer"": 2}",False,False,none
667,voko,17 Arcsource 12 RGB 00,9.430,2,12,0,0,0,0,9,0,0,0,[],"[""DIM""]","{""DIM"": 9}","{""Dimmer"": 9}",False,False,none
998,,,,2,2,0,0,0,0,0,0,0,0,[],[],{},{},False,False,none
999,,,,2,2,0,0,0,0,0,0,0,0,[],[],{},{},False,False,none
1001,,,,4,12,0,0,0,0,9,0,0,0,[],"[""DIM""]","{""DIM"": 9}","{""Dimmer"": 9}",False,False,none
1002,,,,4,16,0,0,0,0,13,0,0,0,[],"[""DIM""]","{""DIM"": 13}","{""Dimmer"": 13}",False,False,none
1003,,,,4,16,0,0,0,0,13,0,0,0,[],"[""DIM""]","{""DIM"": 13}","{""Dimmer"": 13}",False,False,none
1004,,,,4,13,0,0,0,0,10,0,0,0,[],"[""DIM""]","{""DIM"": 10}","{""Dimmer"": 10}",False,False,none
1005,,,,4,7,0,0,0,0,4,0,0,0,[],"[""DIM""]","{""DIM"": 4}","{""Dimmer"": 4}",False,False,none
1006,,,,4,7,0,0,0,0,4,0,0,0,[],"[""DIM""]","{""DIM"": 4}","{""Dimmer"": 4}",False,False,none
1007,,,,3,3,0,0,0,0,0,0,0,0,[],[],{},{},False,False,none
1008,,,,3,3,0,0,0,0,0,0,0,0,[],[],{},{},False,False,none
1009,,,,3,3,0,0,0,0,0,0,0,0,[],[],{},{},False,False,none
1010,,,,2,2,0,0,0,0,0,0,0,0,[],[],{},{},False,False,none
1011,,,,2,2,0,0,0,0,0,0,0,0,[],[],{},{},False,False,none
1012,,,,2,2,0,0,0,0,0,0,0,0,[],[],{},{},False,False,none
1013,,,,1,1,0,0,0,0,0,0,0,0,[],[],{},{},False,True,none
1014,,,,1,1,0,0,0,0,0,0,0,0,[],[],{},{},False,True,none
1015,,,,1,1,0,0,0,0,0,0,0,0,[],[],{},{},False,True,none
1016,,,,1,1,0,0,0,0,0,0,0,0,[],[],{},{},False,True,none
1017,,,,1,1,0,0,0,0,0,0,0,0,[],[],{},{},False,True,none
1018,,,,1,1,0,0,0,0,0,0,0,0,[],[],{},{},False,True,none
1019,,,,1,1,0,0,0,0,0,0,0,0,[],[],{},{},False,True,none
1020,,,,1,1,0,0,0,0,0,0,0,0,[],[],{},{},False,True,none
1021,,,,1,1,0,0,0,0,0,0,0,0,[],[],{},{},False,True,none
1022,,,,1,1,0,0,0,0,0,0,0,0,[],[],{},{},False,True,none
1023,,,,1,1,0,0,0,0,0,0,0,0,[],[],{},{},False,True,none
1024,,,,1,1,0,0,0,0,0,0,0,0,[],[],{},{},False,True,none
1025,,,,1,1,0,0,0,0,0,0,0,0,[],[],{},{},False,True,none
1026,,,,1,1,0,0,0,0,0,0,0,0,[],[],{},{},False,True,none
1027,,,,1,1,0,0,0,0,0,0,0,0,[],[],{},{},False,True,none
1028,,,,1,1,0,0,0,0,0,0,0,0,[],[],{},{},False,True,none
1029,,,,1,1,0,0,0,0,0,0,0,0,[],[],{},{},False,True,none
1030,,,,1,1,0,0,0,0,0,0,0,0,[],[],{},{},False,True,none
