fixture_id,channel_id,subfixture_id,ma_fixture_id,ma_channel_id,patch_target_type,patch_target_id,patch_target_key,source_object_type,source_object_id,name,label,fixture_type,mode,patch,universe,address,raw_address,footprint,react_to_grandmaster,color,pos_x,pos_y,pos_z,rot_x,rot_y,rot_z,scale_x,scale_y,scale_z,source_file,metadata
1,1,,,1,channel,1,channel:1,channel,1,Par 1,Par 1,4 Dimmer 00,4,1.048,1,48,48,1,True,ffffff,0,0,0,0,-0,0,1,1,1,C:\Users\lukas\Downloads\ma2_show_analyzer\ma2_show_analyzer\web_jobs\20260331-104358-8869294f\uploads\Studio_54_channel_patch.xml,"{""index"": ""0"", ""name"": ""Par 1"", ""channelid"": ""1"", ""fixturetype.name"": ""4 Dimmer 00"", ""subfixture.index"": ""0"", ""subfixture.reacttograndmaster"": ""true"", ""subfixture.color"": ""ffffff""}"
2,2,,,2,channel,2,channel:2,channel,2,Par 2,Par 2,4 Dimmer 00,4,1.059,1,59,59,1,True,ffffff,0,0,0,0,-0,0,1,1,1,C:\Users\lukas\Downloads\ma2_show_analyzer\ma2_show_analyzer\web_jobs\20260331-104358-8869294f\uploads\Studio_54_channel_patch.xml,"{""index"": ""1"", ""name"": ""Par 2"", ""channelid"": ""2"", ""fixturetype.name"": ""4 Dimmer 00"", ""subfixture.index"": ""0"", ""subfixture.reacttograndmaster"": ""true"", ""subfixture.color"": ""ffffff""}"
3,3,,,3,channel,3,channel:3,channel,3,Par 3,Par 3,4 Dimmer 00,4,1.025,1,25,25,1,True,ffffff,0,0,0,0,-0,0,1,1,1,C:\Users\lukas\Downloads\ma2_show_analyzer\ma2_show_analyzer\web_jobs\20260331-104358-8869294f\uploads\Studio_54_channel_patch.xml,"{""index"": ""2"", ""name"": ""Par 3"", ""channelid"": ""3"", ""fixturetype.name"": ""4 Dimmer 00"", ""subfixture.index"": ""0"", ""subfixture.reacttograndmaster"": ""true"", ""subfixture.color"": ""ffffff""}"
4,4,,,4,channel,4,channel:4,channel,4,Par 4,Par 4,4 Dimmer 00,4,1.157,1,157,157,1,True,ffffff,0,0,0,0,-0,0,1,1,1,C:\Users\lukas\Downloads\ma2_show_analyzer\ma2_show_analyzer\web_jobs\20260331-104358-8869294f\uploads\Studio_54_channel_patch.xml,"{""index"": ""3"", ""name"": ""Par 4"", ""channelid"": ""4"", ""fixturetype.name"": ""4 Dimmer 00"", ""subfixture.index"": ""0"", ""subfixture.reacttograndmaster"": ""true"", ""subfixture.color"": ""ffffff""}"
5,5,,,5,channel,5,channel:5,channel,5,Par 5,Par 5,4 Dimmer 00,4,1.160,1,160,160,1,True,ffffff,0,0,0,0,-0,0,1,1,1,C:\Users\lukas\Downloads\ma2_show_analyzer\ma2_show_analyzer\web_jobs\20260331-104358-8869294f\uploads\Studio_54_channel_patch.xml,"{""index"": ""4"", ""name"": ""Par 5"", ""channelid"": ""5"", ""fixturetype.name"": ""4 Dimmer 00"", ""subfixture.index"": ""0"", ""subfixture.reacttograndmaster"": ""true"", ""subfixture.color"": ""ffffff""}"
6,6,,,6,channel,6,channel:6,channel,6,Par 6,Par 6,4 Dimmer 00,4,1.176,1,176,176,1,True,ffffff,0,0,0,0,-0,0,1,1,1,C:\Users\lukas\Downloads\ma2_show_analyzer\ma2_show_analyzer\web_jobs\20260331-104358-8869294f\uploads\Studio_54_channel_patch.xml,"{""index"": ""5"", ""name"": ""Par 6"", ""channelid"": ""6"", ""fixturetype.name"": ""4 Dimmer 00"", ""subfixture.index"": ""0"", ""subfixture.reacttograndmaster"": ""true"", ""subfixture.color"": ""ffffff""}"
7,7,,,7,channel,7,channel:7,channel,7,Par 7,Par 7,4 Dimmer 00,4,1.175,1,175,175,1,True,ffffff,0,0,0,0,-0,0,1,1,1,C:\Users\lukas\Downloads\ma2_show_analyzer\ma2_show_analyzer\web_jobs\20260331-104358-8869294f\uploads\Studio_54_channel_patch.xml,"{""index"": ""6"", ""name"": ""Par 7"", ""channelid"": ""7"", ""fixturetype.name"": ""4 Dimmer 00"", ""subfixture.index"": ""0"", ""subfixture.reacttograndmaster"": ""true"", ""subfixture.color"": ""ffffff""}"
8,8,,,8,channel,8,channel:8,channel,8,Par 8,Par 8,4 Dimmer 00,4,1.037,1,37,37,1,True,ffffff,0,0,0,0,-0,0,1,1,1,C:\Users\lukas\Downloads\ma2_show_analyzer\ma2_show_analyzer\web_jobs\20260331-104358-8869294f\uploads\Studio_54_channel_patch.xml,"{""index"": ""7"", ""name"": ""Par 8"", ""channelid"": ""8"", ""fixturetype.name"": ""4 Dimmer 00"", ""subfixture.index"": ""0"", ""subfixture.reacttograndmaster"": ""true"", ""subfixture.color"": ""ffffff""}"
9,9,,,9,channel,9,channel:9,channel,9,Par 9,Par 9,4 Dimmer 00,4,1.090,1,90,90,1,True,ffffff,0,0,0,0,-0,0,1,1,1,C:\Users\lukas\Downloads\ma2_show_analyzer\ma2_show_analyzer\web_jobs\20260331-104358-8869294f\uploads\Studio_54_channel_patch.xml,"{""index"": ""8"", ""name"": ""Par 9"", ""channelid"": ""9"", ""fixturetype.name"": ""4 Dimmer 00"", ""subfixture.index"": ""0"", ""subfixture.reacttograndmaster"": ""true"", ""subfixture.color"": ""ffffff""}"
10,10,,,10,channel,10,channel:10,channel,10,Par 10,Par 10,4 Dimmer 00,4,1.045,1,45,45,1,True,ffffff,0,0,0,0,-0,0,1,1,1,C:\Users\lukas\Downloads\ma2_show_analyzer\ma2_show_analyzer\web_jobs\20260331-104358-8869294f\uploads\Studio_54_channel_patch.xml,"{""index"": ""9"", ""name"": ""Par 10"", ""channelid"": ""10"", ""fixturetype.name"": ""4 Dimmer 00"", ""subfixture.index"": ""0"", ""subfixture.reacttograndmaster"": ""true"", ""subfixture.color"": ""ffffff""}"
11,11,,,11,channel,11,channel:11,channel,11,Par 11,Par 11,4 Dimmer 00,4,1.064,1,64,64,1,True,ffffff,0,0,0,0,-0,0,1,1,1,C:\Users\lukas\Downloads\ma2_show_analyzer\ma2_show_analyzer\web_jobs\20260331-104358-8869294f\uploads\Studio_54_channel_patch.xml,"{""index"": ""10"", ""name"": ""Par 11"", ""channelid"": ""11"", ""fixturetype.name"": ""4 Dimmer 00"", ""subfixture.index"": ""0"", ""subfixture.reacttograndmaster"": ""true"", ""subfixture.color"": ""ffffff""}"
12,12,,,12,channel,12,channel:12,channel,12,Par 12,Par 12,4 Dimmer 00,4,1.028,1,28,28,1,True,ffffff,0,0,0,0,-0,0,1,1,1,C:\Users\lukas\Downloads\ma2_show_analyzer\ma2_show_analyzer\web_jobs\20260331-104358-8869294f\uploads\Studio_54_channel_patch.xml,"{""index"": ""11"", ""name"": ""Par 12"", ""channelid"": ""12"", ""fixturetype.name"": ""4 Dimmer 00"", ""subfixture.index"": ""0"", ""subfixture.reacttograndmaster"": ""true"", ""subfixture.color"": ""ffffff""}"
13,13,,,13,channel,13,channel:13,channel,13,Par 13,Par 13,4 Dimmer 00,4,1.161,1,161,161,1,True,ffffff,0,0,0,0,-0,0,1,1,1,C:\Users\lukas\Downloads\ma2_show_analyzer\ma2_show_analyzer\web_jobs\20260331-104358-8869294f\uploads\Studio_54_channel_patch.xml,"{""index"": ""12"", ""name"": ""Par 13"", ""channelid"": ""13"", ""fixturetype.name"": ""4 Dimmer 00"", ""subfixture.index"": ""0"", ""subfixture.reacttograndmaster"": ""true"", ""subfixture.color"": ""ffffff""}"
14,14,,,14,channel,14,channel:14,channel,14,Par 14,Par 14,4 Dimmer 00,4,1.162,1,162,162,1,True,ffffff,0,0,0,0,-0,0,1,1,1,C:\Users\lukas\Downloads\ma2_show_analyzer\ma2_show_analyzer\web_jobs\20260331-104358-8869294f\uploads\Studio_54_channel_patch.xml,"{""index"": ""13"", ""name"": ""Par 14"", ""channelid"": ""14"", ""fixturetype.name"": ""4 Dimmer 00"", ""subfixture.index"": ""0"", ""subfixture.reacttograndmaster"": ""true"", ""subfixture.color"": ""ffffff""}"
15,15,,,15,channel,15,channel:15,channel,15,Par 15,Par 15,4 Dimmer 00,4,1.179,1,179,179,1,True,ffffff,0,0,0,0,-0,0,1,1,1,C:\Users\lukas\Downloads\ma2_show_analyzer\ma2_show_analyzer\web_jobs\20260331-104358-8869294f\uploads\Studio_54_channel_patch.xml,"{""index"": ""14"", ""name"": ""Par 15"", ""channelid"": ""15"", ""fixturetype.name"": ""4 Dimmer 00"", ""subfixture.index"": ""0"", ""subfixture.reacttograndmaster"": ""true"", ""subfixture.color"": ""ffffff""}"
16,16,,,16,channel,16,channel:16,channel,16,Par 16,Par 16,4 Dimmer 00,4,1.178,1,178,178,1,True,ffffff,0,0,0,0,-0,0,1,1,1,C:\Users\lukas\Downloads\ma2_show_analyzer\ma2_show_analyzer\web_jobs\20260331-104358-8869294f\uploads\Studio_54_channel_patch.xml,"{""index"": ""15"", ""name"": ""Par 16"", ""channelid"": ""16"", ""fixturetype.name"": ""4 Dimmer 00"", ""subfixture.index"": ""0"", ""subfixture.reacttograndmaster"": ""true"", ""subfixture.color"": ""ffffff""}"
17,17,,,17,channel,17,channel:17,channel,17,Par 17,Par 17,4 Dimmer 00,4,1.040,1,40,40,1,True,ffffff,0,0,0,0,-0,0,1,1,1,C:\Users\lukas\Downloads\ma2_show_analyzer\ma2_show_analyzer\web_jobs\20260331-104358-8869294f\uploads\Studio_54_channel_patch.xml,"{""index"": ""16"", ""name"": ""Par 17"", ""channelid"": ""17"", ""fixturetype.name"": ""4 Dimmer 00"", ""subfixture.index"": ""0"", ""subfixture.reacttograndmaster"": ""true"", ""subfixture.color"": ""ffffff""}"
18,18,,,18,channel,18,channel:18,channel,18,Par 18,Par 18,4 Dimmer 00,4,1.081,1,81,81,1,True,ffffff,0,0,0,0,-0,0,1,1,1,C:\Users\lukas\Downloads\ma2_show_analyzer\ma2_show_analyzer\web_jobs\20260331-104358-8869294f\uploads\Studio_54_channel_patch.xml,"{""index"": ""17"", ""name"": ""Par 18"", ""channelid"": ""18"", ""fixturetype.name"": ""4 Dimmer 00"", ""subfixture.index"": ""0"", ""subfixture.reacttograndmaster"": ""true"", ""subfixture.color"": ""ffffff""}"
21,21,,,21,channel,21,channel:21,channel,21,GULA,GULA,2 Dimmer 00,2,1.177,1,177,177,1,True,ffffff,0,0,0,0,-0,0,1,1,1,C:\Users\lukas\Downloads\ma2_show_analyzer\ma2_show_analyzer\web_jobs\20260331-104358-8869294f\uploads\Studio_54_channel_patch.xml,"{""index"": ""23"", ""name"": ""GULA"", ""channelid"": ""21"", ""fixturetype.name"": ""2 Dimmer 00"", ""subfixture.index"": ""0"", ""subfixture.reacttograndmaster"": ""true"", ""subfixture.color"": ""ffffff""}"
31,31,,,31,channel,31,channel:31,channel,31,Bar,Bar,2 Dimmer 00,2,1.148,1,148,148,1,True,ffffff,0,0,0,0,-0,0,1,1,1,C:\Users\lukas\Downloads\ma2_show_analyzer\ma2_show_analyzer\web_jobs\20260331-104358-8869294f\uploads\Studio_54_channel_patch.xml,"{""index"": ""49"", ""name"": ""Bar"", ""channelid"": ""31"", ""fixturetype.name"": ""2 Dimmer 00"", ""subfixture.index"": ""0"", ""subfixture.reacttograndmaster"": ""true"", ""subfixture.color"": ""ffffff""}"
32,32,,,32,channel,32,channel:32,channel,32,Klavir,Klavir,2 Dimmer 00,2,1.152,1,152,152,1,True,ffffff,0,0,0,0,-0,0,1,1,1,C:\Users\lukas\Downloads\ma2_show_analyzer\ma2_show_analyzer\web_jobs\20260331-104358-8869294f\uploads\Studio_54_channel_patch.xml,"{""index"": ""50"", ""name"": ""Klavir"", ""channelid"": ""32"", ""fixturetype.name"": ""2 Dimmer 00"", ""subfixture.index"": ""0"", ""subfixture.reacttograndmaster"": ""true"", ""subfixture.color"": ""ffffff""}"
33,33,,,33,channel,33,channel:33,channel,33,Bar,Bar,2 Dimmer 00,2,1.149,1,149,149,1,True,ffffff,0,0,0,0,-0,0,1,1,1,C:\Users\lukas\Downloads\ma2_show_analyzer\ma2_show_analyzer\web_jobs\20260331-104358-8869294f\uploads\Studio_54_channel_patch.xml,"{""index"": ""51"", ""name"": ""Bar"", ""channelid"": ""33"", ""fixturetype.name"": ""2 Dimmer 00"", ""subfixture.index"": ""0"", ""subfixture.reacttograndmaster"": ""true"", ""subfixture.color"": ""ffffff""}"
998,998,,,998,channel,998,channel:998,channel,998,kour,kour,2 Dimmer 00,2,7.500,7,500,3572,1,True,ffffff,0,0,0,0,-0,0,1,1,1,C:\Users\lukas\Downloads\ma2_show_analyzer\ma2_show_analyzer\web_jobs\20260331-104358-8869294f\uploads\Studio_54_channel_patch.xml,"{""index"": ""0"", ""name"": ""kour"", ""channelid"": ""998"", ""fixturetype.name"": ""2 Dimmer 00"", ""subfixture.index"": ""0"", ""subfixture.reacttograndmaster"": ""true"", ""subfixture.color"": ""ffffff""}"
999,999,,,999,channel,999,channel:999,channel,999,Haze,Haze,2 Dimmer 00,2,7.510,7,510,3582,1,True,ffffff,0,0,0,0,-0,0,1,1,1,C:\Users\lukas\Downloads\ma2_show_analyzer\ma2_show_analyzer\web_jobs\20260331-104358-8869294f\uploads\Studio_54_channel_patch.xml,"{""index"": ""48"", ""name"": ""Haze"", ""channelid"": ""999"", ""fixturetype.name"": ""2 Dimmer 00"", ""subfixture.index"": ""0"", ""subfixture.reacttograndmaster"": ""true"", ""subfixture.color"": ""ffffff""}"
1001,1001,,,1001,channel,1001,channel:1001,channel,1001,Lidi,Lidi,2 Dimmer 00,2,1.211,1,211,211,1,True,ffffff,0,0,0,0,-0,0,1,1,1,C:\Users\lukas\Downloads\ma2_show_analyzer\ma2_show_analyzer\web_jobs\20260331-104358-8869294f\uploads\Studio_54_channel_patch.xml,"{""index"": ""18"", ""name"": ""Lidi"", ""channelid"": ""1001"", ""fixturetype.name"": ""2 Dimmer 00"", ""subfixture.index"": ""0"", ""subfixture.reacttograndmaster"": ""true"", ""subfixture.color"": ""ffffff""}"
1002,1002,,,1002,channel,1002,channel:1002,channel,1002,Lidi,Lidi,2 Dimmer 00,2,1.212,1,212,212,1,True,ffffff,0,0,0,0,-0,0,1,1,1,C:\Users\lukas\Downloads\ma2_show_analyzer\ma2_show_analyzer\web_jobs\20260331-104358-8869294f\uploads\Studio_54_channel_patch.xml,"{""index"": ""19"", ""name"": ""Lidi"", ""channelid"": ""1002"", ""fixturetype.name"": ""2 Dimmer 00"", ""subfixture.index"": ""0"", ""subfixture.reacttograndmaster"": ""true"", ""subfixture.color"": ""ffffff""}"
1003,1003,,,1003,channel,1003,channel:1003,channel,1003,Lidi,Lidi,2 Dimmer 00,2,1.213,1,213,213,1,True,ffffff,0,0,0,0,-0,0,1,1,1,C:\Users\lukas\Downloads\ma2_show_analyzer\ma2_show_analyzer\web_jobs\20260331-104358-8869294f\uploads\Studio_54_channel_patch.xml,"{""index"": ""20"", ""name"": ""Lidi"", ""channelid"": ""1003"", ""fixturetype.name"": ""2 Dimmer 00"", ""subfixture.index"": ""0"", ""subfixture.reacttograndmaster"": ""true"", ""subfixture.color"": ""ffffff""}"
1004,1004,,,1004,channel,1004,channel:1004,channel,1004,Lidi,Lidi,2 Dimmer 00,2,1.214,1,214,214,1,True,ffffff,0,0,0,0,-0,0,1,1,1,C:\Users\lukas\Downloads\ma2_show_analyzer\ma2_show_analyzer\web_jobs\20260331-104358-8869294f\uploads\Studio_54_channel_patch.xml,"{""index"": ""21"", ""name"": ""Lidi"", ""channelid"": ""1004"", ""fixturetype.name"": ""2 Dimmer 00"", ""subfixture.index"": ""0"", ""subfixture.reacttograndmaster"": ""true"", ""subfixture.color"": ""ffffff""}"
1005,1005,,,1005,channel,1005,channel:1005,channel,1005,Lidi,Lidi,2 Dimmer 00,2,1.215,1,215,215,1,True,ffffff,0,0,0,0,-0,0,1,1,1,C:\Users\lukas\Downloads\ma2_show_analyzer\ma2_show_analyzer\web_jobs\20260331-104358-8869294f\uploads\Studio_54_channel_patch.xml,"{""index"": ""22"", ""name"": ""Lidi"", ""channelid"": ""1005"", ""fixturetype.name"": ""2 Dimmer 00"", ""subfixture.index"": ""0"", ""subfixture.reacttograndmaster"": ""true"", ""subfixture.color"": ""ffffff""}"
1006,1006,,,1006,channel,1006,channel:1006,channel,1006,Lidi,Lidi,2 Dimmer 00,2,1.216,1,216,216,1,True,ffffff,0,0,0,0,-0,0,1,1,1,C:\Users\lukas\Downloads\ma2_show_analyzer\ma2_show_analyzer\web_jobs\20260331-104358-8869294f\uploads\Studio_54_channel_patch.xml,"{""index"": ""24"", ""name"": ""Lidi"", ""channelid"": ""1006"", ""fixturetype.name"": ""2 Dimmer 00"", ""subfixture.index"": ""0"", ""subfixture.reacttograndmaster"": ""true"", ""subfixture.color"": ""ffffff""}"
1007,1007,,,1007,channel,1007,channel:1007,channel,1007,Lidi,Lidi,2 Dimmer 00,2,1.217,1,217,217,1,True,ffffff,0,0,0,0,-0,0,1,1,1,C:\Users\lukas\Downloads\ma2_show_analyzer\ma2_show_analyzer\web_jobs\20260331-104358-8869294f\uploads\Studio_54_channel_patch.xml,"{""index"": ""25"", ""name"": ""Lidi"", ""channelid"": ""1007"", ""fixturetype.name"": ""2 Dimmer 00"", ""subfixture.index"": ""0"", ""subfixture.reacttograndmaster"": ""true"", ""subfixture.color"": ""ffffff""}"
1008,1008,,,1008,channel,1008,channel:1008,channel,1008,Lidi,Lidi,2 Dimmer 00,2,1.218,1,218,218,1,True,ffffff,0,0,0,0,-0,0,1,1,1,C:\Users\lukas\Downloads\ma2_show_analyzer\ma2_show_analyzer\web_jobs\20260331-104358-8869294f\uploads\Studio_54_channel_patch.xml,"{""index"": ""26"", ""name"": ""Lidi"", ""channelid"": ""1008"", ""fixturetype.name"": ""2 Dimmer 00"", ""subfixture.index"": ""0"", ""subfixture.reacttograndmaster"": ""true"", ""subfixture.color"": ""ffffff""}"
1009,1009,,,1009,channel,1009,channel:1009,channel,1009,Lidi,Lidi,2 Dimmer 00,2,1.219,1,219,219,1,True,ffffff,0,0,0,0,-0,0,1,1,1,C:\Users\lukas\Downloads\ma2_show_analyzer\ma2_show_analyzer\web_jobs\20260331-104358-8869294f\uploads\Studio_54_channel_patch.xml,"{""index"": ""27"", ""name"": ""Lidi"", ""channelid"": ""1009"", ""fixturetype.name"": ""2 Dimmer 00"", ""subfixture.index"": ""0"", ""subfixture.reacttograndmaster"": ""true"", ""subfixture.color"": ""ffffff""}"
1010,1010,,,1010,channel,1010,channel:1010,channel,1010,Lidi,Lidi,2 Dimmer 00,2,1.220,1,220,220,1,True,ffffff,0,0,0,0,-0,0,1,1,1,C:\Users\lukas\Downloads\ma2_show_analyzer\ma2_show_analyzer\web_jobs\20260331-104358-8869294f\uploads\Studio_54_channel_patch.xml,"{""index"": ""28"", ""name"": ""Lidi"", ""channelid"": ""1010"", ""fixturetype.name"": ""2 Dimmer 00"", ""subfixture.index"": ""0"", ""subfixture.reacttograndmaster"": ""true"", ""subfixture.color"": ""ffffff""}"
1011,1011,,,1011,channel,1011,channel:1011,channel,1011,Lidi,Lidi,2 Dimmer 00,2,1.221,1,221,221,1,True,ffffff,0,0,0,0,-0,0,1,1,1,C:\Users\lukas\Downloads\ma2_show_analyzer\ma2_show_analyzer\web_jobs\20260331-104358-8869294f\uploads\Studio_54_channel_patch.xml,"{""index"": ""29"", ""name"": ""Lidi"", ""channelid"": ""1011"", ""fixturetype.name"": ""2 Dimmer 00"", ""subfixture.index"": ""0"", ""subfixture.reacttograndmaster"": ""true"", ""subfixture.color"": ""ffffff""}"
1012,1012,,,1012,channel,1012,channel:1012,channel,1012,Lidi,Lidi,2 Dimmer 00,2,1.222,1,222,222,1,True,ffffff,0,0,0,0,-0,0,1,1,1,C:\Users\lukas\Downloads\ma2_show_analyzer\ma2_show_analyzer\web_jobs\20260331-104358-8869294f\uploads\Studio_54_channel_patch.xml,"{""index"": ""30"", ""name"": ""Lidi"", ""channelid"": ""1012"", ""fixturetype.name"": ""2 Dimmer 00"", ""subfixture.index"": ""0"", ""subfixture.reacttograndmaster"": ""true"", ""subfixture.color"": ""ffffff""}"
1013,1013,,,1013,channel,1013,channel:1013,channel,1013,Lidi,Lidi,2 Dimmer 00,2,1.223,1,223,223,1,True,ffffff,0,0,0,0,-0,0,1,1,1,C:\Users\lukas\Downloads\ma2_show_analyzer\ma2_show_analyzer\web_jobs\20260331-104358-8869294f\uploads\Studio_54_channel_patch.xml,"{""index"": ""31"", ""name"": ""Lidi"", ""channelid"": ""1013"", ""fixturetype.name"": ""2 Dimmer 00"", ""subfixture.index"": ""0"", ""subfixture.reacttograndmaster"": ""true"", ""subfixture.color"": ""ffffff""}"
1014,1014,,,1014,channel,1014,channel:1014,channel,1014,Lidi,Lidi,2 Dimmer 00,2,1.224,1,224,224,1,True,ffffff,0,0,0,0,-0,0,1,1,1,C:\Users\lukas\Downloads\ma2_show_analyzer\ma2_show_analyzer\web_jobs\20260331-104358-8869294f\uploads\Studio_54_channel_patch.xml,"{""index"": ""32"", ""name"": ""Lidi"", ""channelid"": ""1014"", ""fixturetype.name"": ""2 Dimmer 00"", ""subfixture.index"": ""0"", ""subfixture.reacttograndmaster"": ""true"", ""subfixture.color"": ""ffffff""}"
1015,1015,,,1015,channel,1015,channel:1015,channel,1015,Lidi,Lidi,2 Dimmer 00,2,1.225,1,225,225,1,True,ffffff,0,0,0,0,-0,0,1,1,1,C:\Users\lukas\Downloads\ma2_show_analyzer\ma2_show_analyzer\web_jobs\20260331-104358-8869294f\uploads\Studio_54_channel_patch.xml,"{""index"": ""33"", ""name"": ""Lidi"", ""channelid"": ""1015"", ""fixturetype.name"": ""2 Dimmer 00"", ""subfixture.index"": ""0"", ""subfixture.reacttograndmaster"": ""true"", ""subfixture.color"": ""ffffff""}"
1016,1016,,,1016,channel,1016,channel:1016,channel,1016,Lidi,Lidi,2 Dimmer 00,2,1.226,1,226,226,1,True,ffffff,0,0,0,0,-0,0,1,1,1,C:\Users\lukas\Downloads\ma2_show_analyzer\ma2_show_analyzer\web_jobs\20260331-104358-8869294f\uploads\Studio_54_channel_patch.xml,"{""index"": ""34"", ""name"": ""Lidi"", ""channelid"": ""1016"", ""fixturetype.name"": ""2 Dimmer 00"", ""subfixture.index"": ""0"", ""subfixture.reacttograndmaster"": ""true"", ""subfixture.color"": ""ffffff""}"
1017,1017,,,1017,channel,1017,channel:1017,channel,1017,Lidi,Lidi,2 Dimmer 00,2,1.227,1,227,227,1,True,ffffff,0,0,0,0,-0,0,1,1,1,C:\Users\lukas\Downloads\ma2_show_analyzer\ma2_show_analyzer\web_jobs\20260331-104358-8869294f\uploads\Studio_54_channel_patch.xml,"{""index"": ""35"", ""name"": ""Lidi"", ""channelid"": ""1017"", ""fixturetype.name"": ""2 Dimmer 00"", ""subfixture.index"": ""0"", ""subfixture.reacttograndmaster"": ""true"", ""subfixture.color"": ""ffffff""}"
1018,1018,,,1018,channel,1018,channel:1018,channel,1018,Lidi,Lidi,2 Dimmer 00,2,1.228,1,228,228,1,True,ffffff,0,0,0,0,-0,0,1,1,1,C:\Users\lukas\Downloads\ma2_show_analyzer\ma2_show_analyzer\web_jobs\20260331-104358-8869294f\uploads\Studio_54_channel_patch.xml,"{""index"": ""36"", ""name"": ""Lidi"", ""channelid"": ""1018"", ""fixturetype.name"": ""2 Dimmer 00"", ""subfixture.index"": ""0"", ""subfixture.reacttograndmaster"": ""true"", ""subfixture.color"": ""ffffff""}"
1019,1019,,,1019,channel,1019,channel:1019,channel,1019,Lidi,Lidi,2 Dimmer 00,2,1.229,1,229,229,1,True,ffffff,0,0,0,0,-0,0,1,1,1,C:\Users\lukas\Downloads\ma2_show_analyzer\ma2_show_analyzer\web_jobs\20260331-104358-8869294f\uploads\Studio_54_channel_patch.xml,"{""index"": ""37"", ""name"": ""Lidi"", ""channelid"": ""1019"", ""fixturetype.name"": ""2 Dimmer 00"", ""subfixture.index"": ""0"", ""subfixture.reacttograndmaster"": ""true"", ""subfixture.color"": ""ffffff""}"
1020,1020,,,1020,channel,1020,channel:1020,channel,1020,Lidi,Lidi,2 Dimmer 00,2,1.230,1,230,230,1,True,ffffff,0,0,0,0,-0,0,1,1,1,C:\Users\lukas\Downloads\ma2_show_analyzer\ma2_show_analyzer\web_jobs\20260331-104358-8869294f\uploads\Studio_54_channel_patch.xml,"{""index"": ""38"", ""name"": ""Lidi"", ""channelid"": ""1020"", ""fixturetype.name"": ""2 Dimmer 00"", ""subfixture.index"": ""0"", ""subfixture.reacttograndmaster"": ""true"", ""subfixture.color"": ""ffffff""}"
1021,1021,,,1021,channel,1021,channel:1021,channel,1021,Lidi,Lidi,2 Dimmer 00,2,1.231,1,231,231,1,True,ffffff,0,0,0,0,-0,0,1,1,1,C:\Users\lukas\Downloads\ma2_show_analyzer\ma2_show_analyzer\web_jobs\20260331-104358-8869294f\uploads\Studio_54_channel_patch.xml,"{""index"": ""39"", ""name"": ""Lidi"", ""channelid"": ""1021"", ""fixturetype.name"": ""2 Dimmer 00"", ""subfixture.index"": ""0"", ""subfixture.reacttograndmaster"": ""true"", ""subfixture.color"": ""ffffff""}"
1022,1022,,,1022,channel,1022,channel:1022,channel,1022,Lidi,Lidi,2 Dimmer 00,2,1.232,1,232,232,1,True,ffffff,0,0,0,0,-0,0,1,1,1,C:\Users\lukas\Downloads\ma2_show_analyzer\ma2_show_analyzer\web_jobs\20260331-104358-8869294f\uploads\Studio_54_channel_patch.xml,"{""index"": ""40"", ""name"": ""Lidi"", ""channelid"": ""1022"", ""fixturetype.name"": ""2 Dimmer 00"", ""subfixture.index"": ""0"", ""subfixture.reacttograndmaster"": ""true"", ""subfixture.color"": ""ffffff""}"
1023,1023,,,1023,channel,1023,channel:1023,channel,1023,Lidi,Lidi,2 Dimmer 00,2,1.233,1,233,233,1,True,ffffff,0,0,0,0,-0,0,1,1,1,C:\Users\lukas\Downloads\ma2_show_analyzer\ma2_show_analyzer\web_jobs\20260331-104358-8869294f\uploads\Studio_54_channel_patch.xml,"{""index"": ""41"", ""name"": ""Lidi"", ""channelid"": ""1023"", ""fixturetype.name"": ""2 Dimmer 00"", ""subfixture.index"": ""0"", ""subfixture.reacttograndmaster"": ""true"", ""subfixture.color"": ""ffffff""}"
1024,1024,,,1024,channel,1024,channel:1024,channel,1024,Lidi,Lidi,2 Dimmer 00,2,1.234,1,234,234,1,True,ffffff,0,0,0,0,-0,0,1,1,1,C:\Users\lukas\Downloads\ma2_show_analyzer\ma2_show_analyzer\web_jobs\20260331-104358-8869294f\uploads\Studio_54_channel_patch.xml,"{""index"": ""42"", ""name"": ""Lidi"", ""channelid"": ""1024"", ""fixturetype.name"": ""2 Dimmer 00"", ""subfixture.index"": ""0"", ""subfixture.reacttograndmaster"": ""true"", ""subfixture.color"": ""ffffff""}"
1025,1025,,,1025,channel,1025,channel:1025,channel,1025,Lidi,Lidi,2 Dimmer 00,2,1.235,1,235,235,1,True,ffffff,0,0,0,0,-0,0,1,1,1,C:\Users\lukas\Downloads\ma2_show_analyzer\ma2_show_analyzer\web_jobs\20260331-104358-8869294f\uploads\Studio_54_channel_patch.xml,"{""index"": ""43"", ""name"": ""Lidi"", ""channelid"": ""1025"", ""fixturetype.name"": ""2 Dimmer 00"", ""subfixture.index"": ""0"", ""subfixture.reacttograndmaster"": ""true"", ""subfixture.color"": ""ffffff""}"
1026,1026,,,1026,channel,1026,channel:1026,channel,1026,Lidi,Lidi,2 Dimmer 00,2,1.236,1,236,236,1,True,ffffff,0,0,0,0,-0,0,1,1,1,C:\Users\lukas\Downloads\ma2_show_analyzer\ma2_show_analyzer\web_jobs\20260331-104358-8869294f\uploads\Studio_54_channel_patch.xml,"{""index"": ""44"", ""name"": ""Lidi"", ""channelid"": ""1026"", ""fixturetype.name"": ""2 Dimmer 00"", ""subfixture.index"": ""0"", ""subfixture.reacttograndmaster"": ""true"", ""subfixture.color"": ""ffffff""}"
1027,1027,,,1027,channel,1027,channel:1027,channel,1027,Lidi,Lidi,2 Dimmer 00,2,1.237,1,237,237,1,True,ffffff,0,0,0,0,-0,0,1,1,1,C:\Users\lukas\Downloads\ma2_show_analyzer\ma2_show_analyzer\web_jobs\20260331-104358-8869294f\uploads\Studio_54_channel_patch.xml,"{""index"": ""45"", ""name"": ""Lidi"", ""channelid"": ""1027"", ""fixturetype.name"": ""2 Dimmer 00"", ""subfixture.index"": ""0"", ""subfixture.reacttograndmaster"": ""true"", ""subfixture.color"": ""ffffff""}"
1028,1028,,,1028,channel,1028,channel:1028,channel,1028,Lidi,Lidi,2 Dimmer 00,2,1.238,1,238,238,1,True,ffffff,0,0,0,0,-0,0,1,1,1,C:\Users\lukas\Downloads\ma2_show_analyzer\ma2_show_analyzer\web_jobs\20260331-104358-8869294f\uploads\Studio_54_channel_patch.xml,"{""index"": ""46"", ""name"": ""Lidi"", ""channelid"": ""1028"", ""fixturetype.name"": ""2 Dimmer 00"", ""subfixture.index"": ""0"", ""subfixture.reacttograndmaster"": ""true"", ""subfixture.color"": ""ffffff""}"
1029,1029,,,1029,channel,1029,channel:1029,channel,1029,Lidi,Lidi,2 Dimmer 00,2,1.239,1,239,239,1,True,ffffff,0,0,0,0,-0,0,1,1,1,C:\Users\lukas\Downloads\ma2_show_analyzer\ma2_show_analyzer\web_jobs\20260331-104358-8869294f\uploads\Studio_54_channel_patch.xml,"{""index"": ""47"", ""name"": ""Lidi"", ""channelid"": ""1029"", ""fixturetype.name"": ""2 Dimmer 00"", ""subfixture.index"": ""0"", ""subfixture.reacttograndmaster"": ""true"", ""subfixture.color"": ""ffffff""}"
1030,1030,,,1030,channel,1030,channel:1030,channel,1030,Lidi,Lidi,2 Dimmer 00,2,1.240,1,240,240,1,True,ffffff,0,0,0,0,-0,0,1,1,1,C:\Users\lukas\Downloads\ma2_show_analyzer\ma2_show_analyzer\web_jobs\20260331-104358-8869294f\uploads\Studio_54_channel_patch.xml,"{""index"": ""48"", ""name"": ""Lidi"", ""channelid"": ""1030"", ""fixturetype.name"": ""2 Dimmer 00"", ""subfixture.index"": ""0"", ""subfixture.reacttograndmaster"": ""true"", ""subfixture.color"": ""ffffff""}"
1,,,1,,fixture,1,fixture:1,fixture,1,Spiider 1,Spiider 1,3 Robin Spiider Mode 3,3,2.001,2,1,513,25,True,ffffff,0,0,0,0,-0,0,1,1,1,C:\Users\lukas\Downloads\ma2_show_analyzer\ma2_show_analyzer\web_jobs\20260331-104358-8869294f\uploads\Studio_54_fixture_patch.xml,"{""index"": ""1"", ""name"": ""Spiider 1"", ""fixtureid"": ""1"", ""fixturetype.name"": ""3 Robin Spiider Mode 3"", ""subfixture.index"": ""0"", ""subfixture.reacttograndmaster"": ""true"", ""subfixture.color"": ""ffffff""}"
2,,,2,,fixture,2,fixture:2,fixture,2,Spiider 2,Spiider 2,3 Robin Spiider Mode 3,3,2.034,2,34,546,25,True,ffffff,0,0,0,0,-0,0,1,1,1,C:\Users\lukas\Downloads\ma2_show_analyzer\ma2_show_analyzer\web_jobs\20260331-104358-8869294f\uploads\Studio_54_fixture_patch.xml,"{""index"": ""2"", ""name"": ""Spiider 2"", ""fixtureid"": ""2"", ""fixturetype.name"": ""3 Robin Spiider Mode 3"", ""subfixture.index"": ""0"", ""subfixture.reacttograndmaster"": ""true"", ""subfixture.color"": ""ffffff""}"
3,,,3,,fixture,3,fixture:3,fixture,3,Spiider 3,Spiider 3,3 Robin Spiider Mode 3,3,2.067,2,67,579,25,True,ffffff,0,0,0,0,-0,0,1,1,1,C:\Users\lukas\Downloads\ma2_show_analyzer\ma2_show_analyzer\web_jobs\20260331-104358-8869294f\uploads\Studio_54_fixture_patch.xml,"{""index"": ""3"", ""name"": ""Spiider 3"", ""fixtureid"": ""3"", ""fixturetype.name"": ""3 Robin Spiider Mode 3"", ""subfixture.index"": ""0"", ""subfixture.reacttograndmaster"": ""true"", ""subfixture.color"": ""ffffff""}"
4,,,4,,fixture,4,fixture:4,fixture,4,Spiider 4,Spiider 4,3 Robin Spiider Mode 3,3,2.100,2,100,612,25,True,ffffff,0,0,0,0,-0,0,1,1,1,C:\Users\lukas\Downloads\ma2_show_analyzer\ma2_show_analyzer\web_jobs\20260331-104358-8869294f\uploads\Studio_54_fixture_patch.xml,"{""index"": ""4"", ""name"": ""Spiider 4"", ""fixtureid"": ""4"", ""fixturetype.name"": ""3 Robin Spiider Mode 3"", ""subfixture.index"": ""0"", ""subfixture.reacttograndmaster"": ""true"", ""subfixture.color"": ""ffffff""}"
5,,,5,,fixture,5,fixture:5,fixture,5,Spiider 5,Spiider 5,3 Robin Spiider Mode 3,3,4.001,4,1,1537,25,True,ffffff,0,0,0,0,-0,0,1,1,1,C:\Users\lukas\Downloads\ma2_show_analyzer\ma2_show_analyzer\web_jobs\20260331-104358-8869294f\uploads\Studio_54_fixture_patch.xml,"{""index"": ""5"", ""name"": ""Spiider 5"", ""fixtureid"": ""5"", ""fixturetype.name"": ""3 Robin Spiider Mode 3"", ""subfixture.index"": ""0"", ""subfixture.reacttograndmaster"": ""true"", ""subfixture.color"": ""ffffff""}"
6,,,6,,fixture,6,fixture:6,fixture,6,Spiider 6,Spiider 6,3 Robin Spiider Mode 3,3,4.034,4,34,1570,25,True,ffffff,0,0,0,0,-0,0,1,1,1,C:\Users\lukas\Downloads\ma2_show_analyzer\ma2_show_analyzer\web_jobs\20260331-104358-8869294f\uploads\Studio_54_fixture_patch.xml,"{""index"": ""6"", ""name"": ""Spiider 6"", ""fixtureid"": ""6"", ""fixturetype.name"": ""3 Robin Spiider Mode 3"", ""subfixture.index"": ""0"", ""subfixture.reacttograndmaster"": ""true"", ""subfixture.color"": ""ffffff""}"
7,,,7,,fixture,7,fixture:7,fixture,7,Spiider 7,Spiider 7,3 Robin Spiider Mode 3,3,4.067,4,67,1603,25,True,ffffff,0,0,0,0,-0,0,1,1,1,C:\Users\lukas\Downloads\ma2_show_analyzer\ma2_show_analyzer\web_jobs\20260331-104358-8869294f\uploads\Studio_54_fixture_patch.xml,"{""index"": ""7"", ""name"": ""Spiider 7"", ""fixtureid"": ""7"", ""fixturetype.name"": ""3 Robin Spiider Mode 3"", ""subfixture.index"": ""0"", ""subfixture.reacttograndmaster"": ""true"", ""subfixture.color"": ""ffffff""}"
8,,,8,,fixture,8,fixture:8,fixture,8,Spiider 8,Spiider 8,3 Robin Spiider Mode 3,3,4.100,4,100,1636,25,True,ffffff,0,0,0,0,-0,0,1,1,1,C:\Users\lukas\Downloads\ma2_show_analyzer\ma2_show_analyzer\web_jobs\20260331-104358-8869294f\uploads\Studio_54_fixture_patch.xml,"{""index"": ""8"", ""name"": ""Spiider 8"", ""fixtureid"": ""8"", ""fixturetype.name"": ""3 Robin Spiider Mode 3"", ""subfixture.index"": ""0"", ""subfixture.reacttograndmaster"": ""true"", ""subfixture.color"": ""ffffff""}"
11,,,11,,fixture,11,fixture:11,fixture,11,Esprite 1,Esprite 1,11 Robin Esprite Mode 2,11,2.133,2,133,645,40,True,ffffff,0,0,0,0,-0,0,1,1,1,C:\Users\lukas\Downloads\ma2_show_analyzer\ma2_show_analyzer\web_jobs\20260331-104358-8869294f\uploads\Studio_54_fixture_patch.xml,"{""index"": ""9"", ""name"": ""Esprite 1"", ""fixtureid"": ""11"", ""fixturetype.name"": ""11 Robin Esprite Mode 2"", ""subfixture.index"": ""0"", ""subfixture.reacttograndmaster"": ""true"", ""subfixture.color"": ""ffffff""}"
12,,,12,,fixture,12,fixture:12,fixture,12,Esprite 2,Esprite 2,11 Robin Esprite Mode 2,11,2.175,2,175,687,40,True,ffffff,0,0,0,0,-0,0,1,1,1,C:\Users\lukas\Downloads\ma2_show_analyzer\ma2_show_analyzer\web_jobs\20260331-104358-8869294f\uploads\Studio_54_fixture_patch.xml,"{""index"": ""10"", ""name"": ""Esprite 2"", ""fixtureid"": ""12"", ""pointofview"": ""2.911"", ""fixturetype.name"": ""11 Robin Esprite Mode 2"", ""subfixture.index"": ""0"", ""subfixture.reacttograndmaster"": ""true"", ""subfixture.color"": ""ffffff""}"
13,,,13,,fixture,13,fixture:13,fixture,13,Esprite 3,Esprite 3,11 Robin Esprite Mode 2,11,3.001,3,1,1025,40,True,ffffff,0,0,0,0,-0,0,1,1,1,C:\Users\lukas\Downloads\ma2_show_analyzer\ma2_show_analyzer\web_jobs\20260331-104358-8869294f\uploads\Studio_54_fixture_patch.xml,"{""index"": ""11"", ""name"": ""Esprite 3"", ""fixtureid"": ""13"", ""fixturetype.name"": ""11 Robin Esprite Mode 2"", ""subfixture.index"": ""0"", ""subfixture.reacttograndmaster"": ""true"", ""subfixture.color"": ""ffffff""}"
14,,,14,,fixture,14,fixture:14,fixture,14,Esprite 4,Esprite 4,11 Robin Esprite Mode 2,11,3.043,3,43,1067,40,True,ffffff,0,0,0,0,-0,0,1,1,1,C:\Users\lukas\Downloads\ma2_show_analyzer\ma2_show_analyzer\web_jobs\20260331-104358-8869294f\uploads\Studio_54_fixture_patch.xml,"{""index"": ""12"", ""name"": ""Esprite 4"", ""fixtureid"": ""14"", ""fixturetype.name"": ""11 Robin Esprite Mode 2"", ""subfixture.index"": ""0"", ""subfixture.reacttograndmaster"": ""true"", ""subfixture.color"": ""ffffff""}"
15,,,15,,fixture,15,fixture:15,fixture,15,Esprite 5,Esprite 5,11 Robin Esprite Mode 2,11,3.085,3,85,1109,40,True,ffffff,0,0,0,0,-0,0,1,1,1,C:\Users\lukas\Downloads\ma2_show_analyzer\ma2_show_analyzer\web_jobs\20260331-104358-8869294f\uploads\Studio_54_fixture_patch.xml,"{""index"": ""13"", ""name"": ""Esprite 5"", ""fixtureid"": ""15"", ""fixturetype.name"": ""11 Robin Esprite Mode 2"", ""subfixture.index"": ""0"", ""subfixture.reacttograndmaster"": ""true"", ""subfixture.color"": ""ffffff""}"
16,,,16,,fixture,16,fixture:16,fixture,16,Esprite 6,Esprite 6,11 Robin Esprite Mode 2,11,3.127,3,127,1151,40,True,ffffff,0,0,0,0,-0,0,1,1,1,C:\Users\lukas\Downloads\ma2_show_analyzer\ma2_show_analyzer\web_jobs\20260331-104358-8869294f\uploads\Studio_54_fixture_patch.xml,"{""index"": ""14"", ""name"": ""Esprite 6"", ""fixtureid"": ""16"", ""fixturetype.name"": ""11 Robin Esprite Mode 2"", ""subfixture.index"": ""0"", ""subfixture.reacttograndmaster"": ""true"", ""subfixture.color"": ""ffffff""}"
17,,,17,,fixture,17,fixture:17,fixture,17,Esprite 7,Esprite 7,11 Robin Esprite Mode 2,11,4.133,4,133,1669,40,True,ffffff,0,0,0,0,-0,0,1,1,1,C:\Users\lukas\Downloads\ma2_show_analyzer\ma2_show_analyzer\web_jobs\20260331-104358-8869294f\uploads\Studio_54_fixture_patch.xml,"{""index"": ""15"", ""name"": ""Esprite 7"", ""fixtureid"": ""17"", ""pointofview"": ""354.738"", ""fixturetype.name"": ""11 Robin Esprite Mode 2"", ""subfixture.index"": ""0"", ""subfixture.reacttograndmaster"": ""true"", ""subfixture.color"": ""ffffff""}"
18,,,18,,fixture,18,fixture:18,fixture,18,Esprite 8,Esprite 8,11 Robin Esprite Mode 2,11,4.175,4,175,1711,40,True,ffffff,0,0,0,0,-0,0,1,1,1,C:\Users\lukas\Downloads\ma2_show_analyzer\ma2_show_analyzer\web_jobs\20260331-104358-8869294f\uploads\Studio_54_fixture_patch.xml,"{""index"": ""16"", ""name"": ""Esprite 8"", ""fixtureid"": ""18"", ""fixturetype.name"": ""11 Robin Esprite Mode 2"", ""subfixture.index"": ""0"", ""subfixture.reacttograndmaster"": ""true"", ""subfixture.color"": ""ffffff""}"
21,,,21,,fixture,21,fixture:21,fixture,21,Robin TetraX 1,Robin TetraX 1,9 Robin TetraX Mode 4-Pixel RGBW,9,11.001,11,1,5121,11,True,ffffff,0,0,0,0,-0,0,1,1,1,C:\Users\lukas\Downloads\ma2_show_analyzer\ma2_show_analyzer\web_jobs\20260331-104358-8869294f\uploads\Studio_54_fixture_patch.xml,"{""index"": ""17"", ""name"": ""Robin TetraX 1"", ""fixtureid"": ""21"", ""fixturetype.name"": ""9 Robin TetraX Mode 4-Pixel RGBW"", ""subfixture.index"": [""0"", ""1"", ""2"", ""3"", ""4"", ""5"", ""6"", ""7"", ""8"", ""9"", ""10"", ""11"", ""12"", ""13"", ""14"", ""15"", ""16"", ""17"", ""18"", ""19"", ""20"", ""21"", ""22""], ""subfixture.reacttograndmaster"": ""true"", ""subfixture.color"": ""ffffff""}"
22,,,22,,fixture,22,fixture:22,fixture,22,Robin TetraX 2,Robin TetraX 2,9 Robin TetraX Mode 4-Pixel RGBW,9,11.086,11,86,5206,11,True,ffffff,0,0,0,0,-0,0,1,1,1,C:\Users\lukas\Downloads\ma2_show_analyzer\ma2_show_analyzer\web_jobs\20260331-104358-8869294f\uploads\Studio_54_fixture_patch.xml,"{""index"": ""18"", ""name"": ""Robin TetraX 2"", ""fixtureid"": ""22"", ""fixturetype.name"": ""9 Robin TetraX Mode 4-Pixel RGBW"", ""subfixture.index"": [""0"", ""1"", ""2"", ""3"", ""4"", ""5"", ""6"", ""7"", ""8"", ""9"", ""10"", ""11"", ""12"", ""13"", ""14"", ""15"", ""16"", ""17"", ""18"", ""19"", ""20"", ""21"", ""22""], ""subfixture.reacttograndmaster"": ""true"", ""subfixture.color"": ""ffffff""}"
23,,,23,,fixture,23,fixture:23,fixture,23,Robin TetraX 3,Robin TetraX 3,9 Robin TetraX Mode 4-Pixel RGBW,9,11.171,11,171,5291,11,True,ffffff,0,0,0,0,-0,0,1,1,1,C:\Users\lukas\Downloads\ma2_show_analyzer\ma2_show_analyzer\web_jobs\20260331-104358-8869294f\uploads\Studio_54_fixture_patch.xml,"{""index"": ""19"", ""name"": ""Robin TetraX 3"", ""fixtureid"": ""23"", ""fixturetype.name"": ""9 Robin TetraX Mode 4-Pixel RGBW"", ""subfixture.index"": [""0"", ""1"", ""2"", ""3"", ""4"", ""5"", ""6"", ""7"", ""8"", ""9"", ""10"", ""11"", ""12"", ""13"", ""14"", ""15"", ""16"", ""17"", ""18"", ""19"", ""20"", ""21"", ""22""], ""subfixture.reacttograndmaster"": ""true"", ""subfixture.color"": ""ffffff""}"
24,,,24,,fixture,24,fixture:24,fixture,24,Robin TetraX 4,Robin TetraX 4,9 Robin TetraX Mode 4-Pixel RGBW,9,11.256,11,256,5376,11,True,ffffff,0,0,0,0,-0,0,1,1,1,C:\Users\lukas\Downloads\ma2_show_analyzer\ma2_show_analyzer\web_jobs\20260331-104358-8869294f\uploads\Studio_54_fixture_patch.xml,"{""index"": ""20"", ""name"": ""Robin TetraX 4"", ""fixtureid"": ""24"", ""fixturetype.name"": ""9 Robin TetraX Mode 4-Pixel RGBW"", ""subfixture.index"": [""0"", ""1"", ""2"", ""3"", ""4"", ""5"", ""6"", ""7"", ""8"", ""9"", ""10"", ""11"", ""12"", ""13"", ""14"", ""15"", ""16"", ""17"", ""18"", ""19"", ""20"", ""21"", ""22""], ""subfixture.reacttograndmaster"": ""true"", ""subfixture.color"": ""ffffff""}"
25,,,25,,fixture,25,fixture:25,fixture,25,Robin TetraX 5,Robin TetraX 5,9 Robin TetraX Mode 4-Pixel RGBW,9,11.341,11,341,5461,11,True,ffffff,0,0,0,0,-0,0,1,1,1,C:\Users\lukas\Downloads\ma2_show_analyzer\ma2_show_analyzer\web_jobs\20260331-104358-8869294f\uploads\Studio_54_fixture_patch.xml,"{""index"": ""21"", ""name"": ""Robin TetraX 5"", ""fixtureid"": ""25"", ""fixturetype.name"": ""9 Robin TetraX Mode 4-Pixel RGBW"", ""subfixture.index"": [""0"", ""1"", ""2"", ""3"", ""4"", ""5"", ""6"", ""7"", ""8"", ""9"", ""10"", ""11"", ""12"", ""13"", ""14"", ""15"", ""16"", ""17"", ""18"", ""19"", ""20"", ""21"", ""22""], ""subfixture.reacttograndmaster"": ""true"", ""subfixture.color"": ""ffffff""}"
26,,,26,,fixture,26,fixture:26,fixture,26,Robin TetraX 6,Robin TetraX 6,9 Robin TetraX Mode 4-Pixel RGBW,9,11.426,11,426,5546,11,True,ffffff,0,0,0,0,-0,0,1,1,1,C:\Users\lukas\Downloads\ma2_show_analyzer\ma2_show_analyzer\web_jobs\20260331-104358-8869294f\uploads\Studio_54_fixture_patch.xml,"{""index"": ""22"", ""name"": ""Robin TetraX 6"", ""fixtureid"": ""26"", ""fixturetype.name"": ""9 Robin TetraX Mode 4-Pixel RGBW"", ""subfixture.index"": [""0"", ""1"", ""2"", ""3"", ""4"", ""5"", ""6"", ""7"", ""8"", ""9"", ""10"", ""11"", ""12"", ""13"", ""14"", ""15"", ""16"", ""17"", ""18"", ""19"", ""20"", ""21"", ""22""], ""subfixture.reacttograndmaster"": ""true"", ""subfixture.color"": ""ffffff""}"
27,,,27,,fixture,27,fixture:27,fixture,27,Robin TetraX 7,Robin TetraX 7,9 Robin TetraX Mode 4-Pixel RGBW,9,7.001,7,1,3073,11,True,ffffff,0,0,0,0,-0,0,1,1,1,C:\Users\lukas\Downloads\ma2_show_analyzer\ma2_show_analyzer\web_jobs\20260331-104358-8869294f\uploads\Studio_54_fixture_patch.xml,"{""index"": ""23"", ""name"": ""Robin TetraX 7"", ""fixtureid"": ""27"", ""fixturetype.name"": ""9 Robin TetraX Mode 4-Pixel RGBW"", ""subfixture.index"": [""0"", ""1"", ""2"", ""3"", ""4"", ""5"", ""6"", ""7"", ""8"", ""9"", ""10"", ""11"", ""12"", ""13"", ""14"", ""15"", ""16"", ""17"", ""18"", ""19"", ""20"", ""21"", ""22""], ""subfixture.reacttograndmaster"": ""true"", ""subfixture.color"": ""ffffff""}"
28,,,28,,fixture,28,fixture:28,fixture,28,Robin TetraX 8,Robin TetraX 8,9 Robin TetraX Mode 4-Pixel RGBW,9,7.086,7,86,3158,11,True,ffffff,0,0,0,0,-0,0,1,1,1,C:\Users\lukas\Downloads\ma2_show_analyzer\ma2_show_analyzer\web_jobs\20260331-104358-8869294f\uploads\Studio_54_fixture_patch.xml,"{""index"": ""24"", ""name"": ""Robin TetraX 8"", ""fixtureid"": ""28"", ""fixturetype.name"": ""9 Robin TetraX Mode 4-Pixel RGBW"", ""subfixture.index"": [""0"", ""1"", ""2"", ""3"", ""4"", ""5"", ""6"", ""7"", ""8"", ""9"", ""10"", ""11"", ""12"", ""13"", ""14"", ""15"", ""16"", ""17"", ""18"", ""19"", ""20"", ""21"", ""22""], ""subfixture.reacttograndmaster"": ""true"", ""subfixture.color"": ""ffffff""}"
31,,,31,,fixture,31,fixture:31,fixture,31,Robin SVB1 1,Robin SVB1 1,7 Robin SVB1 Mode 3 - Pixel,7,,,0,0,15,True,ffffff,0,0,0,0,-0,0,1,1,1,C:\Users\lukas\Downloads\ma2_show_analyzer\ma2_show_analyzer\web_jobs\20260331-104358-8869294f\uploads\Studio_54_fixture_patch.xml,"{""index"": ""25"", ""name"": ""Robin SVB1 1"", ""fixtureid"": ""31"", ""fixturetype.name"": ""7 Robin SVB1 Mode 3 - Pixel"", ""subfixture.index"": [""0"", ""1"", ""2"", ""3"", ""4"", ""5"", ""6"", ""7"", ""8""], ""subfixture.reacttograndmaster"": ""true"", ""subfixture.color"": ""ffffff""}"
32,,,32,,fixture,32,fixture:32,fixture,32,Robin SVB1 2,Robin SVB1 2,7 Robin SVB1 Mode 3 - Pixel,7,,,0,0,15,True,ffffff,0,0,0,0,-0,0,1,1,1,C:\Users\lukas\Downloads\ma2_show_analyzer\ma2_show_analyzer\web_jobs\20260331-104358-8869294f\uploads\Studio_54_fixture_patch.xml,"{""index"": ""26"", ""name"": ""Robin SVB1 2"", ""fixtureid"": ""32"", ""fixturetype.name"": ""7 Robin SVB1 Mode 3 - Pixel"", ""subfixture.index"": [""0"", ""1"", ""2"", ""3"", ""4"", ""5"", ""6"", ""7"", ""8""], ""subfixture.reacttograndmaster"": ""true"", ""subfixture.color"": ""ffffff""}"
33,,,33,,fixture,33,fixture:33,fixture,33,Robin SVB1 3,Robin SVB1 3,7 Robin SVB1 Mode 3 - Pixel,7,,,0,0,15,True,ffffff,0,0,0,0,-0,0,1,1,1,C:\Users\lukas\Downloads\ma2_show_analyzer\ma2_show_analyzer\web_jobs\20260331-104358-8869294f\uploads\Studio_54_fixture_patch.xml,"{""index"": ""27"", ""name"": ""Robin SVB1 3"", ""fixtureid"": ""33"", ""fixturetype.name"": ""7 Robin SVB1 Mode 3 - Pixel"", ""subfixture.index"": [""0"", ""1"", ""2"", ""3"", ""4"", ""5"", ""6"", ""7"", ""8""], ""subfixture.reacttograndmaster"": ""true"", ""subfixture.color"": ""ffffff""}"
34,,,34,,fixture,34,fixture:34,fixture,34,Robin SVB1 4,Robin SVB1 4,7 Robin SVB1 Mode 3 - Pixel,7,,,0,0,15,True,ffffff,0,0,0,0,-0,0,1,1,1,C:\Users\lukas\Downloads\ma2_show_analyzer\ma2_show_analyzer\web_jobs\20260331-104358-8869294f\uploads\Studio_54_fixture_patch.xml,"{""index"": ""28"", ""name"": ""Robin SVB1 4"", ""fixtureid"": ""34"", ""fixturetype.name"": ""7 Robin SVB1 Mode 3 - Pixel"", ""subfixture.index"": [""0"", ""1"", ""2"", ""3"", ""4"", ""5"", ""6"", ""7"", ""8""], ""subfixture.reacttograndmaster"": ""true"", ""subfixture.color"": ""ffffff""}"
35,,,35,,fixture,35,fixture:35,fixture,35,Robin SVB1 5,Robin SVB1 5,7 Robin SVB1 Mode 3 - Pixel,7,,,0,0,15,True,ffffff,0,0,0,0,-0,0,1,1,1,C:\Users\lukas\Downloads\ma2_show_analyzer\ma2_show_analyzer\web_jobs\20260331-104358-8869294f\uploads\Studio_54_fixture_patch.xml,"{""index"": ""29"", ""name"": ""Robin SVB1 5"", ""fixtureid"": ""35"", ""fixturetype.name"": ""7 Robin SVB1 Mode 3 - Pixel"", ""subfixture.index"": [""0"", ""1"", ""2"", ""3"", ""4"", ""5"", ""6"", ""7"", ""8""], ""subfixture.reacttograndmaster"": ""true"", ""subfixture.color"": ""ffffff""}"
36,,,36,,fixture,36,fixture:36,fixture,36,Robin SVB1 6,Robin SVB1 6,7 Robin SVB1 Mode 3 - Pixel,7,,,0,0,15,True,ffffff,0,0,0,0,-0,0,1,1,1,C:\Users\lukas\Downloads\ma2_show_analyzer\ma2_show_analyzer\web_jobs\20260331-104358-8869294f\uploads\Studio_54_fixture_patch.xml,"{""index"": ""30"", ""name"": ""Robin SVB1 6"", ""fixtureid"": ""36"", ""fixturetype.name"": ""7 Robin SVB1 Mode 3 - Pixel"", ""subfixture.index"": [""0"", ""1"", ""2"", ""3"", ""4"", ""5"", ""6"", ""7"", ""8""], ""subfixture.reacttograndmaster"": ""true"", ""subfixture.color"": ""ffffff""}"
37,,,37,,fixture,37,fixture:37,fixture,37,Robin SVB1 7,Robin SVB1 7,7 Robin SVB1 Mode 3 - Pixel,7,,,0,0,15,True,ffffff,0,0,0,0,-0,0,1,1,1,C:\Users\lukas\Downloads\ma2_show_analyzer\ma2_show_analyzer\web_jobs\20260331-104358-8869294f\uploads\Studio_54_fixture_patch.xml,"{""index"": ""31"", ""name"": ""Robin SVB1 7"", ""fixtureid"": ""37"", ""fixturetype.name"": ""7 Robin SVB1 Mode 3 - Pixel"", ""subfixture.index"": [""0"", ""1"", ""2"", ""3"", ""4"", ""5"", ""6"", ""7"", ""8""], ""subfixture.reacttograndmaster"": ""true"", ""subfixture.color"": ""ffffff""}"
38,,,38,,fixture,38,fixture:38,fixture,38,Robin SVB1 8,Robin SVB1 8,7 Robin SVB1 Mode 3 - Pixel,7,,,0,0,15,True,ffffff,0,0,0,0,-0,0,1,1,1,C:\Users\lukas\Downloads\ma2_show_analyzer\ma2_show_analyzer\web_jobs\20260331-104358-8869294f\uploads\Studio_54_fixture_patch.xml,"{""index"": ""32"", ""name"": ""Robin SVB1 8"", ""fixtureid"": ""38"", ""fixturetype.name"": ""7 Robin SVB1 Mode 3 - Pixel"", ""subfixture.index"": [""0"", ""1"", ""2"", ""3"", ""4"", ""5"", ""6"", ""7"", ""8""], ""subfixture.reacttograndmaster"": ""true"", ""subfixture.color"": ""ffffff""}"
41,,,41,,fixture,41,fixture:41,fixture,41,RLB350M1 1,RLB350M1 1,12 Robin LEDBeam 350 Mode 1,12,13.001,13,1,6145,14,True,ffffff,0,0,0,0,-0,0,1,1,1,C:\Users\lukas\Downloads\ma2_show_analyzer\ma2_show_analyzer\web_jobs\20260331-104358-8869294f\uploads\Studio_54_fixture_patch.xml,"{""index"": ""35"", ""name"": ""RLB350M1 1"", ""fixtureid"": ""41"", ""fixturetype.name"": ""12 Robin LEDBeam 350 Mode 1"", ""subfixture.index"": ""0"", ""subfixture.reacttograndmaster"": ""true"", ""subfixture.color"": ""ffffff""}"
42,,,42,,fixture,42,fixture:42,fixture,42,RLB350M1 2,RLB350M1 2,12 Robin LEDBeam 350 Mode 1,12,13.023,13,23,6167,14,True,ffffff,0,0,0,0,-0,0,1,1,1,C:\Users\lukas\Downloads\ma2_show_analyzer\ma2_show_analyzer\web_jobs\20260331-104358-8869294f\uploads\Studio_54_fixture_patch.xml,"{""index"": ""36"", ""name"": ""RLB350M1 2"", ""fixtureid"": ""42"", ""fixturetype.name"": ""12 Robin LEDBeam 350 Mode 1"", ""subfixture.index"": ""0"", ""subfixture.reacttograndmaster"": ""true"", ""subfixture.color"": ""ffffff""}"
43,,,43,,fixture,43,fixture:43,fixture,43,RLB350M1 3,RLB350M1 3,12 Robin LEDBeam 350 Mode 1,12,13.045,13,45,6189,14,True,ffffff,0,0,0,0,-0,0,1,1,1,C:\Users\lukas\Downloads\ma2_show_analyzer\ma2_show_analyzer\web_jobs\20260331-104358-8869294f\uploads\Studio_54_fixture_patch.xml,"{""index"": ""37"", ""name"": ""RLB350M1 3"", ""fixtureid"": ""43"", ""fixturetype.name"": ""12 Robin LEDBeam 350 Mode 1"", ""subfixture.index"": ""0"", ""subfixture.reacttograndmaster"": ""true"", ""subfixture.color"": ""ffffff""}"
44,,,44,,fixture,44,fixture:44,fixture,44,RLB350M1 4,RLB350M1 4,12 Robin LEDBeam 350 Mode 1,12,13.067,13,67,6211,14,True,ffffff,0,0,0,0,-0,0,1,1,1,C:\Users\lukas\Downloads\ma2_show_analyzer\ma2_show_analyzer\web_jobs\20260331-104358-8869294f\uploads\Studio_54_fixture_patch.xml,"{""index"": ""38"", ""name"": ""RLB350M1 4"", ""fixtureid"": ""44"", ""fixturetype.name"": ""12 Robin LEDBeam 350 Mode 1"", ""subfixture.index"": ""0"", ""subfixture.reacttograndmaster"": ""true"", ""subfixture.color"": ""ffffff""}"
45,,,45,,fixture,45,fixture:45,fixture,45,RLB350M1 5,RLB350M1 5,12 Robin LEDBeam 350 Mode 1,12,13.089,13,89,6233,14,True,ffffff,0,0,0,0,-0,0,1,1,1,C:\Users\lukas\Downloads\ma2_show_analyzer\ma2_show_analyzer\web_jobs\20260331-104358-8869294f\uploads\Studio_54_fixture_patch.xml,"{""index"": ""39"", ""name"": ""RLB350M1 5"", ""fixtureid"": ""45"", ""fixturetype.name"": ""12 Robin LEDBeam 350 Mode 1"", ""subfixture.index"": ""0"", ""subfixture.reacttograndmaster"": ""true"", ""subfixture.color"": ""ffffff""}"
46,,,46,,fixture,46,fixture:46,fixture,46,RLB350M1 6,RLB350M1 6,12 Robin LEDBeam 350 Mode 1,12,13.111,13,111,6255,14,True,ffffff,0,0,0,0,-0,0,1,1,1,C:\Users\lukas\Downloads\ma2_show_analyzer\ma2_show_analyzer\web_jobs\20260331-104358-8869294f\uploads\Studio_54_fixture_patch.xml,"{""index"": ""40"", ""name"": ""RLB350M1 6"", ""fixtureid"": ""46"", ""fixturetype.name"": ""12 Robin LEDBeam 350 Mode 1"", ""subfixture.index"": ""0"", ""subfixture.reacttograndmaster"": ""true"", ""subfixture.color"": ""ffffff""}"
47,,,47,,fixture,47,fixture:47,fixture,47,RLB350M1 7,RLB350M1 7,12 Robin LEDBeam 350 Mode 1,12,5.001,5,1,2049,14,True,ffffff,0,0,0,0,-0,0,1,1,1,C:\Users\lukas\Downloads\ma2_show_analyzer\ma2_show_analyzer\web_jobs\20260331-104358-8869294f\uploads\Studio_54_fixture_patch.xml,"{""index"": ""41"", ""name"": ""RLB350M1 7"", ""fixtureid"": ""47"", ""fixturetype.name"": ""12 Robin LEDBeam 350 Mode 1"", ""subfixture.index"": ""0"", ""subfixture.reacttograndmaster"": ""true"", ""subfixture.color"": ""ffffff""}"
48,,,48,,fixture,48,fixture:48,fixture,48,RLB350M1 8,RLB350M1 8,12 Robin LEDBeam 350 Mode 1,12,5.023,5,23,2071,14,True,ffffff,0,0,0,0,-0,0,1,1,1,C:\Users\lukas\Downloads\ma2_show_analyzer\ma2_show_analyzer\web_jobs\20260331-104358-8869294f\uploads\Studio_54_fixture_patch.xml,"{""index"": ""42"", ""name"": ""RLB350M1 8"", ""fixtureid"": ""48"", ""fixturetype.name"": ""12 Robin LEDBeam 350 Mode 1"", ""subfixture.index"": ""0"", ""subfixture.reacttograndmaster"": ""true"", ""subfixture.color"": ""ffffff""}"
49,,,49,,fixture,49,fixture:49,fixture,49,RLB350M1 9,RLB350M1 9,12 Robin LEDBeam 350 Mode 1,12,5.045,5,45,2093,14,True,ffffff,0,0,0,0,-0,0,1,1,1,C:\Users\lukas\Downloads\ma2_show_analyzer\ma2_show_analyzer\web_jobs\20260331-104358-8869294f\uploads\Studio_54_fixture_patch.xml,"{""index"": ""43"", ""name"": ""RLB350M1 9"", ""fixtureid"": ""49"", ""fixturetype.name"": ""12 Robin LEDBeam 350 Mode 1"", ""subfixture.index"": ""0"", ""subfixture.reacttograndmaster"": ""true"", ""subfixture.color"": ""ffffff""}"
50,,,50,,fixture,50,fixture:50,fixture,50,RLB350M1 10,RLB350M1 10,12 Robin LEDBeam 350 Mode 1,12,5.067,5,67,2115,14,True,ffffff,0,0,0,0,-0,0,1,1,1,C:\Users\lukas\Downloads\ma2_show_analyzer\ma2_show_analyzer\web_jobs\20260331-104358-8869294f\uploads\Studio_54_fixture_patch.xml,"{""index"": ""44"", ""name"": ""RLB350M1 10"", ""fixtureid"": ""50"", ""fixturetype.name"": ""12 Robin LEDBeam 350 Mode 1"", ""subfixture.index"": ""0"", ""subfixture.reacttograndmaster"": ""true"", ""subfixture.color"": ""ffffff""}"
51,,,51,,fixture,51,fixture:51,fixture,51,RLB350M1 11,RLB350M1 11,12 Robin LEDBeam 350 Mode 1,12,5.089,5,89,2137,14,True,ffffff,0,0,0,0,-0,0,1,1,1,C:\Users\lukas\Downloads\ma2_show_analyzer\ma2_show_analyzer\web_jobs\20260331-104358-8869294f\uploads\Studio_54_fixture_patch.xml,"{""index"": ""45"", ""name"": ""RLB350M1 11"", ""fixtureid"": ""51"", ""fixturetype.name"": ""12 Robin LEDBeam 350 Mode 1"", ""subfixture.index"": ""0"", ""subfixture.reacttograndmaster"": ""true"", ""subfixture.color"": ""ffffff""}"
52,,,52,,fixture,52,fixture:52,fixture,52,RLB350M1 12,RLB350M1 12,12 Robin LEDBeam 350 Mode 1,12,5.111,5,111,2159,14,True,ffffff,0,0,0,0,-0,0,1,1,1,C:\Users\lukas\Downloads\ma2_show_analyzer\ma2_show_analyzer\web_jobs\20260331-104358-8869294f\uploads\Studio_54_fixture_patch.xml,"{""index"": ""46"", ""name"": ""RLB350M1 12"", ""fixtureid"": ""52"", ""fixturetype.name"": ""12 Robin LEDBeam 350 Mode 1"", ""subfixture.index"": ""0"", ""subfixture.reacttograndmaster"": ""true"", ""subfixture.color"": ""ffffff""}"
61,,,61,,fixture,61,fixture:61,fixture,61,HotboxW8 1,HotboxW8 1,14 Hotbox RGBW 8 channel,14,2.217,2,217,729,8,True,ffffff,0,0,0,0,-0,0,1,1,1,C:\Users\lukas\Downloads\ma2_show_analyzer\ma2_show_analyzer\web_jobs\20260331-104358-8869294f\uploads\Studio_54_fixture_patch.xml,"{""index"": ""49"", ""name"": ""HotboxW8 1"", ""fixtureid"": ""61"", ""fixturetype.name"": ""14 Hotbox RGBW 8 channel"", ""subfixture.index"": ""0"", ""subfixture.reacttograndmaster"": ""true"", ""subfixture.color"": ""ffffff""}"
62,,,62,,fixture,62,fixture:62,fixture,62,HotboxW8 2,HotboxW8 2,14 Hotbox RGBW 8 channel,14,2.225,2,225,737,8,True,ffffff,0,0,0,0,-0,0,1,1,1,C:\Users\lukas\Downloads\ma2_show_analyzer\ma2_show_analyzer\web_jobs\20260331-104358-8869294f\uploads\Studio_54_fixture_patch.xml,"{""index"": ""50"", ""name"": ""HotboxW8 2"", ""fixtureid"": ""62"", ""fixturetype.name"": ""14 Hotbox RGBW 8 channel"", ""subfixture.index"": ""0"", ""subfixture.reacttograndmaster"": ""true"", ""subfixture.color"": ""ffffff""}"
63,,,63,,fixture,63,fixture:63,fixture,63,HotboxW8 3,HotboxW8 3,14 Hotbox RGBW 8 channel,14,2.233,2,233,745,8,True,ffffff,0,0,0,0,-0,0,1,1,1,C:\Users\lukas\Downloads\ma2_show_analyzer\ma2_show_analyzer\web_jobs\20260331-104358-8869294f\uploads\Studio_54_fixture_patch.xml,"{""index"": ""52"", ""name"": ""HotboxW8 3"", ""fixtureid"": ""63"", ""fixturetype.name"": ""14 Hotbox RGBW 8 channel"", ""subfixture.index"": ""0"", ""subfixture.reacttograndmaster"": ""true"", ""subfixture.color"": ""ffffff""}"
64,,,64,,fixture,64,fixture:64,fixture,64,HotboxW8 4,HotboxW8 4,14 Hotbox RGBW 8 channel,14,2.241,2,241,753,8,True,ffffff,0,0,0,0,-0,0,1,1,1,C:\Users\lukas\Downloads\ma2_show_analyzer\ma2_show_analyzer\web_jobs\20260331-104358-8869294f\uploads\Studio_54_fixture_patch.xml,"{""index"": ""53"", ""name"": ""HotboxW8 4"", ""fixtureid"": ""64"", ""fixturetype.name"": ""14 Hotbox RGBW 8 channel"", ""subfixture.index"": ""0"", ""subfixture.reacttograndmaster"": ""true"", ""subfixture.color"": ""ffffff""}"
65,,,65,,fixture,65,fixture:65,fixture,65,HotboxW8 5,HotboxW8 5,14 Hotbox RGBW 8 channel,14,2.249,2,249,761,8,True,ffffff,0,0,0,0,-0,0,1,1,1,C:\Users\lukas\Downloads\ma2_show_analyzer\ma2_show_analyzer\web_jobs\20260331-104358-8869294f\uploads\Studio_54_fixture_patch.xml,"{""index"": ""54"", ""name"": ""HotboxW8 5"", ""fixtureid"": ""65"", ""fixturetype.name"": ""14 Hotbox RGBW 8 channel"", ""subfixture.index"": ""0"", ""subfixture.reacttograndmaster"": ""true"", ""subfixture.color"": ""ffffff""}"
66,,,66,,fixture,66,fixture:66,fixture,66,HotboxW8 6,HotboxW8 6,14 Hotbox RGBW 8 channel,14,2.257,2,257,769,8,True,ffffff,0,0,0,0,-0,0,1,1,1,C:\Users\lukas\Downloads\ma2_show_analyzer\ma2_show_analyzer\web_jobs\20260331-104358-8869294f\uploads\Studio_54_fixture_patch.xml,"{""index"": ""55"", ""name"": ""HotboxW8 6"", ""fixtureid"": ""66"", ""fixturetype.name"": ""14 Hotbox RGBW 8 channel"", ""subfixture.index"": ""0"", ""subfixture.reacttograndmaster"": ""true"", ""subfixture.color"": ""ffffff""}"
67,,,67,,fixture,67,fixture:67,fixture,67,HotboxW8 1,HotboxW8 1,14 Hotbox RGBW 8 channel,14,1.401,1,401,401,8,True,ffffff,0,0,0,0,-0,0,1,1,1,C:\Users\lukas\Downloads\ma2_show_analyzer\ma2_show_analyzer\web_jobs\20260331-104358-8869294f\uploads\Studio_54_fixture_patch.xml,"{""index"": ""51"", ""name"": ""HotboxW8 1"", ""fixtureid"": ""67"", ""fixturetype.name"": ""14 Hotbox RGBW 8 channel"", ""subfixture.index"": ""0"", ""subfixture.reacttograndmaster"": ""true"", ""subfixture.color"": ""ffffff""}"
71,,,71,,fixture,71,fixture:71,fixture,71,HelM1 1,HelM1 1,16 Helios Tube 1: RGB - 1 Pixel - Strobe Off,16,14.001,14,1,6657,4,True,ffffff,0,0,0,0,-0,0,1,1,1,C:\Users\lukas\Downloads\ma2_show_analyzer\ma2_show_analyzer\web_jobs\20260331-104358-8869294f\uploads\Studio_54_fixture_patch.xml,"{""index"": ""56"", ""name"": ""HelM1 1"", ""fixtureid"": ""71"", ""fixturetype.name"": ""16 Helios Tube 1: RGB - 1 Pixel - Strobe Off"", ""subfixture.index"": ""0"", ""subfixture.reacttograndmaster"": ""true"", ""subfixture.color"": ""ffffff""}"
72,,,72,,fixture,72,fixture:72,fixture,72,HelM1 2,HelM1 2,16 Helios Tube 1: RGB - 1 Pixel - Strobe Off,16,14.004,14,4,6660,4,True,ffffff,0,0,0,0,-0,0,1,1,1,C:\Users\lukas\Downloads\ma2_show_analyzer\ma2_show_analyzer\web_jobs\20260331-104358-8869294f\uploads\Studio_54_fixture_patch.xml,"{""index"": ""57"", ""name"": ""HelM1 2"", ""fixtureid"": ""72"", ""fixturetype.name"": ""16 Helios Tube 1: RGB - 1 Pixel - Strobe Off"", ""subfixture.index"": ""0"", ""subfixture.reacttograndmaster"": ""true"", ""subfixture.color"": ""ffffff""}"
73,,,73,,fixture,73,fixture:73,fixture,73,HelM1 3,HelM1 3,16 Helios Tube 1: RGB - 1 Pixel - Strobe Off,16,14.007,14,7,6663,4,True,ffffff,0,0,0,0,-0,0,1,1,1,C:\Users\lukas\Downloads\ma2_show_analyzer\ma2_show_analyzer\web_jobs\20260331-104358-8869294f\uploads\Studio_54_fixture_patch.xml,"{""index"": ""58"", ""name"": ""HelM1 3"", ""fixtureid"": ""73"", ""fixturetype.name"": ""16 Helios Tube 1: RGB - 1 Pixel - Strobe Off"", ""subfixture.index"": ""0"", ""subfixture.reacttograndmaster"": ""true"", ""subfixture.color"": ""ffffff""}"
74,,,74,,fixture,74,fixture:74,fixture,74,HelM1 4,HelM1 4,16 Helios Tube 1: RGB - 1 Pixel - Strobe Off,16,14.010,14,10,6666,4,True,ffffff,0,0,0,0,-0,0,1,1,1,C:\Users\lukas\Downloads\ma2_show_analyzer\ma2_show_analyzer\web_jobs\20260331-104358-8869294f\uploads\Studio_54_fixture_patch.xml,"{""index"": ""59"", ""name"": ""HelM1 4"", ""fixtureid"": ""74"", ""fixturetype.name"": ""16 Helios Tube 1: RGB - 1 Pixel - Strobe Off"", ""subfixture.index"": ""0"", ""subfixture.reacttograndmaster"": ""true"", ""subfixture.color"": ""ffffff""}"
75,,,75,,fixture,75,fixture:75,fixture,75,HelM1 5,HelM1 5,16 Helios Tube 1: RGB - 1 Pixel - Strobe Off,16,14.013,14,13,6669,4,True,ffffff,0,0,0,0,-0,0,1,1,1,C:\Users\lukas\Downloads\ma2_show_analyzer\ma2_show_analyzer\web_jobs\20260331-104358-8869294f\uploads\Studio_54_fixture_patch.xml,"{""index"": ""60"", ""name"": ""HelM1 5"", ""fixtureid"": ""75"", ""fixturetype.name"": ""16 Helios Tube 1: RGB - 1 Pixel - Strobe Off"", ""subfixture.index"": ""0"", ""subfixture.reacttograndmaster"": ""true"", ""subfixture.color"": ""ffffff""}"
76,,,76,,fixture,76,fixture:76,fixture,76,HelM1 6,HelM1 6,16 Helios Tube 1: RGB - 1 Pixel - Strobe Off,16,14.016,14,16,6672,4,True,ffffff,0,0,0,0,-0,0,1,1,1,C:\Users\lukas\Downloads\ma2_show_analyzer\ma2_show_analyzer\web_jobs\20260331-104358-8869294f\uploads\Studio_54_fixture_patch.xml,"{""index"": ""61"", ""name"": ""HelM1 6"", ""fixtureid"": ""76"", ""fixturetype.name"": ""16 Helios Tube 1: RGB - 1 Pixel - Strobe Off"", ""subfixture.index"": ""0"", ""subfixture.reacttograndmaster"": ""true"", ""subfixture.color"": ""ffffff""}"
77,,,77,,fixture,77,fixture:77,fixture,77,HelM1 7,HelM1 7,16 Helios Tube 1: RGB - 1 Pixel - Strobe Off,16,14.019,14,19,6675,4,True,ffffff,0,0,0,0,-0,0,1,1,1,C:\Users\lukas\Downloads\ma2_show_analyzer\ma2_show_analyzer\web_jobs\20260331-104358-8869294f\uploads\Studio_54_fixture_patch.xml,"{""index"": ""62"", ""name"": ""HelM1 7"", ""fixtureid"": ""77"", ""fixturetype.name"": ""16 Helios Tube 1: RGB - 1 Pixel - Strobe Off"", ""subfixture.index"": ""0"", ""subfixture.reacttograndmaster"": ""true"", ""subfixture.color"": ""ffffff""}"
78,,,78,,fixture,78,fixture:78,fixture,78,HelM1 8,HelM1 8,16 Helios Tube 1: RGB - 1 Pixel - Strobe Off,16,14.022,14,22,6678,4,True,ffffff,0,0,0,0,-0,0,1,1,1,C:\Users\lukas\Downloads\ma2_show_analyzer\ma2_show_analyzer\web_jobs\20260331-104358-8869294f\uploads\Studio_54_fixture_patch.xml,"{""index"": ""63"", ""name"": ""HelM1 8"", ""fixtureid"": ""78"", ""fixturetype.name"": ""16 Helios Tube 1: RGB - 1 Pixel - Strobe Off"", ""subfixture.index"": ""0"", ""subfixture.reacttograndmaster"": ""true"", ""subfixture.color"": ""ffffff""}"
111,,,111,,fixture,111,fixture:111,fixture,111,WTF 1,WTF 1,10 Robin WTF Mode 4-Pixel mode,10,3.169,3,169,1193,15,True,ffffff,0,0,0,0,-0,0,1,1,1,C:\Users\lukas\Downloads\ma2_show_analyzer\ma2_show_analyzer\web_jobs\20260331-104358-8869294f\uploads\Studio_54_fixture_patch.xml,"{""index"": ""33"", ""name"": ""WTF 1"", ""fixtureid"": ""111"", ""fixturetype.name"": ""10 Robin WTF Mode 4-Pixel mode"", ""subfixture.index"": [""0"", ""1"", ""2"", ""3"", ""4"", ""5"", ""6"", ""7"", ""8"", ""9"", ""10"", ""11"", ""12"", ""13"", ""14"", ""15"", ""16"", ""17"", ""18"", ""19"", ""20"", ""21"", ""22"", ""23"", ""24"", ""25"", ""26"", ""27"", ""28"", ""29"", ""30"", ""31""], ""subfixture.reacttograndmaster"": ""true"", ""subfixture.color"": ""ffffff""}"
112,,,112,,fixture,112,fixture:112,fixture,112,WTF 2,WTF 2,10 Robin WTF Mode 4-Pixel mode,10,3.275,3,275,1299,15,True,ffffff,0,0,0,0,-0,0,1,1,1,C:\Users\lukas\Downloads\ma2_show_analyzer\ma2_show_analyzer\web_jobs\20260331-104358-8869294f\uploads\Studio_54_fixture_patch.xml,"{""index"": ""34"", ""name"": ""WTF 2"", ""fixtureid"": ""112"", ""fixturetype.name"": ""10 Robin WTF Mode 4-Pixel mode"", ""subfixture.index"": [""0"", ""1"", ""2"", ""3"", ""4"", ""5"", ""6"", ""7"", ""8"", ""9"", ""10"", ""11"", ""12"", ""13"", ""14"", ""15"", ""16"", ""17"", ""18"", ""19"", ""20"", ""21"", ""22"", ""23"", ""24"", ""25"", ""26"", ""27"", ""28"", ""29"", ""30"", ""31""], ""subfixture.reacttograndmaster"": ""true"", ""subfixture.color"": ""ffffff""}"
666,,,666,,fixture,666,fixture:666,fixture,666,Robin T1 Profile FS 1,Robin T1 Profile FS 1,13 Robin T1 Profile FS Mode 3 - RGBAL,13,10.001,10,1,4609,41,True,ffffff,,,,,,,,,,C:\Users\lukas\Downloads\ma2_show_analyzer\ma2_show_analyzer\web_jobs\20260331-104358-8869294f\uploads\Studio_54_fixture_patch.xml,"{""index"": ""47"", ""name"": ""Robin T1 Profile FS 1"", ""fixtureid"": ""666"", ""fixturetype.name"": ""13 Robin T1 Profile FS Mode 3 - RGBAL"", ""subfixture.index"": ""0"", ""subfixture.reacttograndmaster"": ""true"", ""subfixture.color"": ""ffffff""}"
667,,,667,,fixture,667,fixture:667,fixture,667,voko,voko,17 Arcsource 12 RGB 00,17,9.430,9,430,4526,4,True,ffffff,0,0,0,0,-0,0,1,1,1,C:\Users\lukas\Downloads\ma2_show_analyzer\ma2_show_analyzer\web_jobs\20260331-104358-8869294f\uploads\Studio_54_fixture_patch.xml,"{""index"": ""64"", ""name"": ""voko"", ""fixtureid"": ""667"", ""fixturetype.name"": ""17 Arcsource 12 RGB 00"", ""subfixture.index"": ""0"", ""subfixture.reacttograndmaster"": ""true"", ""subfixture.color"": ""ffffff""}"
