cue_id,sequence_id,sequence_number,sequence_name,cue_number,cue_name,cue_position,is_main_cue_list,fixture_count,attribute_count,feature_group_count,hard_value_count,dimmer_value_count,preset_ref_count,group_ref_count,effect_ref_count,zero_like_count,mixed_fixture_count,mixed_family_count,control_mode,fade,delay,trigger,trigger_time,down_delay,prev_similarity,next_similarity,local_similarity,local_avg_hard,local_avg_dimmer,local_avg_preset,local_avg_zero,local_avg_feature_groups,quality_risk_score,severity,reason_count,reasons,reasons_text,source_file
cue:11:1:Studio_54_main_sequences.xml:1,sequence:11:Studio_54_main_sequences.xml:1,11,QJU,1,lidi,1,True,55,54,6,622,159,6,0,0,490,8,24,mixed,,,,,,0.0,0.009,0.005,156.0,42.75,1.5,124.0,2.25,91,high,7,"[""very hard-heavy cue (622 hard values)"", ""mixed programming in 24 fixture/family pairs"", ""low similarity to neighbouring cues (0.01)"", ""hard values spike vs local block (622 vs avg 156.0)"", ""many zero/reset-like values (490)"", ""touches unusually many feature groups (6)"", ""more mixed fixtures than neighbouring cues""]",very hard-heavy cue (622 hard values); mixed programming in 24 fixture/family pairs; low similarity to neighbouring cues (0.01); hard values spike vs local block (622 vs avg 156.0); many zero/reset-like values (490); touches unusually many feature groups (6); more mixed fixtures than neighbouring cues,C:\Users\lukas\Downloads\ma2_show_analyzer\ma2_show_analyzer\web_jobs\20260331-094732-024f66b9\uploads\Studio_54_main_sequences.xml
cue:11:89:Studio_54_main_sequences.xml:95,sequence:11:Studio_54_main_sequences.xml:1,11,QJU,89,koks KOUR GARAZ,95,True,40,54,6,77,109,3,0,0,52,9,9,mixed,,,,,,0.033,0.002,0.018,11.43,33.71,0.86,22.71,2.29,91,high,7,"[""very hard-heavy cue (77 hard values)"", ""mixed programming in 9 fixture/family pairs"", ""low similarity to neighbouring cues (0.02)"", ""hard values spike vs local block (77 vs avg 11.4)"", ""many zero/reset-like values (52)"", ""touches unusually many feature groups (6)"", ""more mixed fixtures than neighbouring cues""]",very hard-heavy cue (77 hard values); mixed programming in 9 fixture/family pairs; low similarity to neighbouring cues (0.02); hard values spike vs local block (77 vs avg 11.4); many zero/reset-like values (52); touches unusually many feature groups (6); more mixed fixtures than neighbouring cues,C:\Users\lukas\Downloads\ma2_show_analyzer\ma2_show_analyzer\web_jobs\20260331-094732-024f66b9\uploads\Studio_54_main_sequences.xml
cue:11:98:Studio_54_main_sequences.xml:104,sequence:11:Studio_54_main_sequences.xml:1,11,QJU,98,Flo BLESK kdyz se vyfoti tereze,104,True,23,25,5,65,33,1,0,0,53,8,8,mixed,,,,,,0.061,0.075,0.068,18.0,16.86,0.57,10.57,3.71,83,high,6,"[""very hard-heavy cue (65 hard values)"", ""mixed programming in 8 fixture/family pairs"", ""low similarity to neighbouring cues (0.07)"", ""hard values spike vs local block (65 vs avg 18.0)"", ""many zero/reset-like values (53)"", ""more mixed fixtures than neighbouring cues""]",very hard-heavy cue (65 hard values); mixed programming in 8 fixture/family pairs; low similarity to neighbouring cues (0.07); hard values spike vs local block (65 vs avg 18.0); many zero/reset-like values (53); more mixed fixtures than neighbouring cues,C:\Users\lukas\Downloads\ma2_show_analyzer\ma2_show_analyzer\web_jobs\20260331-094732-024f66b9\uploads\Studio_54_main_sequences.xml
cue:11:36:Studio_54_main_sequences.xml:39,sequence:11:Studio_54_main_sequences.xml:1,11,QJU,36,9:46.888,39,True,62,62,7,75,250,9,0,0,254,2,6,mixed,,,,,,0.005,0.994,0.499,13.57,78.29,3.14,68.57,3.86,75,high,6,"[""very hard-heavy cue (75 hard values)"", ""mixed programming in 6 fixture/family pairs"", ""hard values spike vs local block (75 vs avg 13.6)"", ""many zero/reset-like values (254)"", ""touches unusually many feature groups (7)"", ""many preset refs combined with hard edits""]",very hard-heavy cue (75 hard values); mixed programming in 6 fixture/family pairs; hard values spike vs local block (75 vs avg 13.6); many zero/reset-like values (254); touches unusually many feature groups (7); many preset refs combined with hard edits,C:\Users\lukas\Downloads\ma2_show_analyzer\ma2_show_analyzer\web_jobs\20260331-094732-024f66b9\uploads\Studio_54_main_sequences.xml
cue:11:27:Studio_54_main_sequences.xml:30,sequence:11:Studio_54_main_sequences.xml:1,11,QJU,27,beegees 6:37.6,30,True,38,54,6,64,32,3,0,0,52,8,8,mixed,,,,,,0.0,0.028,0.014,9.43,25.57,1.14,27.86,3.71,73,high,5,"[""very hard-heavy cue (64 hard values)"", ""mixed programming in 8 fixture/family pairs"", ""low similarity to neighbouring cues (0.01)"", ""hard values spike vs local block (64 vs avg 9.4)"", ""more mixed fixtures than neighbouring cues""]",very hard-heavy cue (64 hard values); mixed programming in 8 fixture/family pairs; low similarity to neighbouring cues (0.01); hard values spike vs local block (64 vs avg 9.4); more mixed fixtures than neighbouring cues,C:\Users\lukas\Downloads\ma2_show_analyzer\ma2_show_analyzer\web_jobs\20260331-094732-024f66b9\uploads\Studio_54_main_sequences.xml
cue:11:6:Studio_54_main_sequences.xml:7,sequence:11:Studio_54_main_sequences.xml:1,11,QJU,6,platforma dole,7,True,44,14,5,49,15,2,0,0,1,12,12,mixed,,,,,,0.064,0.0,0.032,10.43,35.29,0.86,29.43,3.86,73,high,5,"[""very hard-heavy cue (49 hard values)"", ""mixed programming in 12 fixture/family pairs"", ""low similarity to neighbouring cues (0.03)"", ""hard values spike vs local block (49 vs avg 10.4)"", ""more mixed fixtures than neighbouring cues""]",very hard-heavy cue (49 hard values); mixed programming in 12 fixture/family pairs; low similarity to neighbouring cues (0.03); hard values spike vs local block (49 vs avg 10.4); more mixed fixtures than neighbouring cues,C:\Users\lukas\Downloads\ma2_show_analyzer\ma2_show_analyzer\web_jobs\20260331-094732-024f66b9\uploads\Studio_54_main_sequences.xml
cue:11:84:Studio_54_main_sequences.xml:90,sequence:11:Studio_54_main_sequences.xml:1,11,QJU,84,Gobo sex,90,True,30,41,6,31,37,2,0,0,20,6,6,mixed,,,,,,0.039,0.094,0.066,24.43,20.14,0.57,19.43,3.14,69,high,5,"[""very hard-heavy cue (31 hard values)"", ""mixed programming in 6 fixture/family pairs"", ""low similarity to neighbouring cues (0.07)"", ""touches unusually many feature groups (6)"", ""more mixed fixtures than neighbouring cues""]",very hard-heavy cue (31 hard values); mixed programming in 6 fixture/family pairs; low similarity to neighbouring cues (0.07); touches unusually many feature groups (6); more mixed fixtures than neighbouring cues,C:\Users\lukas\Downloads\ma2_show_analyzer\ma2_show_analyzer\web_jobs\20260331-094732-024f66b9\uploads\Studio_54_main_sequences.xml
cue:11:103:Studio_54_main_sequences.xml:109,sequence:11:Studio_54_main_sequences.xml:1,11,QJU,103,blesk,109,True,47,17,5,48,100,1,0,0,40,12,12,mixed,,,,,,0.0,0.979,0.49,8.14,40.0,0.86,19.86,3.43,68,high,5,"[""very hard-heavy cue (48 hard values)"", ""mixed programming in 12 fixture/family pairs"", ""hard values spike vs local block (48 vs avg 8.1)"", ""many zero/reset-like values (40)"", ""more mixed fixtures than neighbouring cues""]",very hard-heavy cue (48 hard values); mixed programming in 12 fixture/family pairs; hard values spike vs local block (48 vs avg 8.1); many zero/reset-like values (40); more mixed fixtures than neighbouring cues,C:\Users\lukas\Downloads\ma2_show_analyzer\ma2_show_analyzer\web_jobs\20260331-094732-024f66b9\uploads\Studio_54_main_sequences.xml
cue:11:81:Studio_54_main_sequences.xml:87,sequence:11:Studio_54_main_sequences.xml:1,11,QJU,81,disko gula dolu,87,True,25,45,6,64,13,1,0,0,40,0,0,mixed,,,,,,0.0,0.041,0.021,14.0,13.43,0.71,11.29,3.29,65,high,5,"[""very hard-heavy cue (64 hard values)"", ""low similarity to neighbouring cues (0.02)"", ""hard values spike vs local block (64 vs avg 14.0)"", ""many zero/reset-like values (40)"", ""touches unusually many feature groups (6)""]",very hard-heavy cue (64 hard values); low similarity to neighbouring cues (0.02); hard values spike vs local block (64 vs avg 14.0); many zero/reset-like values (40); touches unusually many feature groups (6),C:\Users\lukas\Downloads\ma2_show_analyzer\ma2_show_analyzer\web_jobs\20260331-094732-024f66b9\uploads\Studio_54_main_sequences.xml
cue:11:9:Studio_54_main_sequences.xml:10,sequence:11:Studio_54_main_sequences.xml:1,11,QJU,9,otevreni vrata,10,True,44,40,6,19,63,1,0,0,43,1,5,mixed,,,,,,0.328,0.015,0.172,10.43,12.0,0.86,6.43,3.57,65,high,4,"[""very hard-heavy cue (19 hard values)"", ""mixed programming in 5 fixture/family pairs"", ""low similarity to neighbouring cues (0.17)"", ""many zero/reset-like values (43)""]",very hard-heavy cue (19 hard values); mixed programming in 5 fixture/family pairs; low similarity to neighbouring cues (0.17); many zero/reset-like values (43),C:\Users\lukas\Downloads\ma2_show_analyzer\ma2_show_analyzer\web_jobs\20260331-094732-024f66b9\uploads\Studio_54_main_sequences.xml
cue:11:80:Studio_54_main_sequences.xml:83,sequence:11:Studio_54_main_sequences.xml:1,11,QJU,80,Alex gr STYCH od klaviru patrik osuka alexe,83,True,9,45,6,64,1,1,0,0,56,0,0,mixed,,,,,,0.615,0.01,0.312,18.86,1.14,0.43,13.0,2.14,58,high,5,"[""very hard-heavy cue (64 hard values)"", ""noticeable local outlier (0.31)"", ""hard values spike vs local block (64 vs avg 18.9)"", ""many zero/reset-like values (56)"", ""touches unusually many feature groups (6)""]",very hard-heavy cue (64 hard values); noticeable local outlier (0.31); hard values spike vs local block (64 vs avg 18.9); many zero/reset-like values (56); touches unusually many feature groups (6),C:\Users\lukas\Downloads\ma2_show_analyzer\ma2_show_analyzer\web_jobs\20260331-094732-024f66b9\uploads\Studio_54_main_sequences.xml
cue:11:106:Studio_54_main_sequences.xml:115,sequence:11:Studio_54_main_sequences.xml:1,11,QJU,106,DUHA,115,True,41,15,5,547,169,1,0,0,249,0,0,mixed,,,,,,0.0,0.0,0.0,171.0,37.0,0.71,71.71,3.86,57,high,4,"[""very hard-heavy cue (547 hard values)"", ""low similarity to neighbouring cues (0.00)"", ""hard values spike vs local block (547 vs avg 171.0)"", ""many zero/reset-like values (249)""]",very hard-heavy cue (547 hard values); low similarity to neighbouring cues (0.00); hard values spike vs local block (547 vs avg 171.0); many zero/reset-like values (249),C:\Users\lukas\Downloads\ma2_show_analyzer\ma2_show_analyzer\web_jobs\20260331-094732-024f66b9\uploads\Studio_54_main_sequences.xml
cue:11:65:Studio_54_main_sequences.xml:70,sequence:11:Studio_54_main_sequences.xml:1,11,QJU,65,final flash,70,True,46,9,2,112,214,0,0,0,170,0,0,hard_only,,,,,,0.0,0.014,0.007,22.57,63.29,0.71,29.86,2.14,57,high,4,"[""very hard-heavy cue (112 hard values)"", ""low similarity to neighbouring cues (0.01)"", ""hard values spike vs local block (112 vs avg 22.6)"", ""many zero/reset-like values (170)""]",very hard-heavy cue (112 hard values); low similarity to neighbouring cues (0.01); hard values spike vs local block (112 vs avg 22.6); many zero/reset-like values (170),C:\Users\lukas\Downloads\ma2_show_analyzer\ma2_show_analyzer\web_jobs\20260331-094732-024f66b9\uploads\Studio_54_main_sequences.xml
cue:11:76:Studio_54_main_sequences.xml:79,sequence:11:Studio_54_main_sequences.xml:1,11,QJU,76,ondra hodi koukain novy track MIDI,79,True,11,9,2,64,3,0,0,0,33,0,0,hard_only,,,,,,0.127,0.0,0.064,23.71,9.57,0.29,11.43,2.0,57,high,4,"[""very hard-heavy cue (64 hard values)"", ""low similarity to neighbouring cues (0.06)"", ""hard values spike vs local block (64 vs avg 23.7)"", ""many zero/reset-like values (33)""]",very hard-heavy cue (64 hard values); low similarity to neighbouring cues (0.06); hard values spike vs local block (64 vs avg 23.7); many zero/reset-like values (33),C:\Users\lukas\Downloads\ma2_show_analyzer\ma2_show_analyzer\web_jobs\20260331-094732-024f66b9\uploads\Studio_54_main_sequences.xml
cue:11:85:Studio_54_main_sequences.xml:91,sequence:11:Studio_54_main_sequences.xml:1,11,QJU,85,groupen sex,91,True,28,8,2,73,36,0,0,0,51,0,0,hard_only,,,,,,0.094,0.0,0.047,15.29,20.57,0.57,15.86,2.43,57,high,4,"[""very hard-heavy cue (73 hard values)"", ""low similarity to neighbouring cues (0.05)"", ""hard values spike vs local block (73 vs avg 15.3)"", ""many zero/reset-like values (51)""]",very hard-heavy cue (73 hard values); low similarity to neighbouring cues (0.05); hard values spike vs local block (73 vs avg 15.3); many zero/reset-like values (51),C:\Users\lukas\Downloads\ma2_show_analyzer\ma2_show_analyzer\web_jobs\20260331-094732-024f66b9\uploads\Studio_54_main_sequences.xml
cue:11:112:Studio_54_main_sequences.xml:120,sequence:11:Studio_54_main_sequences.xml:1,11,QJU,112,DIKY,120,True,50,54,6,645,186,5,0,0,170,22,28,mixed,,,,,,0.084,0.611,0.348,451.17,161.67,4.33,307.67,5.33,54,high,4,"[""very hard-heavy cue (645 hard values)"", ""mixed programming in 28 fixture/family pairs"", ""noticeable local outlier (0.35)"", ""more mixed fixtures than neighbouring cues""]",very hard-heavy cue (645 hard values); mixed programming in 28 fixture/family pairs; noticeable local outlier (0.35); more mixed fixtures than neighbouring cues,C:\Users\lukas\Downloads\ma2_show_analyzer\ma2_show_analyzer\web_jobs\20260331-094732-024f66b9\uploads\Studio_54_main_sequences.xml
cue:11:75:Studio_54_main_sequences.xml:78,sequence:11:Studio_54_main_sequences.xml:1,11,QJU,75,Projede Lavka az na konci,78,True,23,15,5,33,31,1,0,0,12,0,0,mixed,,,,,,0.055,0.127,0.091,14.71,9.71,0.43,6.86,2.71,47,high,3,"[""very hard-heavy cue (33 hard values)"", ""low similarity to neighbouring cues (0.09)"", ""hard values spike vs local block (33 vs avg 14.7)""]",very hard-heavy cue (33 hard values); low similarity to neighbouring cues (0.09); hard values spike vs local block (33 vs avg 14.7),C:\Users\lukas\Downloads\ma2_show_analyzer\ma2_show_analyzer\web_jobs\20260331-094732-024f66b9\uploads\Studio_54_main_sequences.xml
cue:11:97:Studio_54_main_sequences.xml:103,sequence:11:Studio_54_main_sequences.xml:1,11,QJU,97,follow,103,True,19,6,2,49,22,0,0,0,18,0,0,hard_only,,,,,,0.0,0.061,0.03,18.0,12.71,0.71,10.43,4.29,47,high,3,"[""very hard-heavy cue (49 hard values)"", ""low similarity to neighbouring cues (0.03)"", ""hard values spike vs local block (49 vs avg 18.0)""]",very hard-heavy cue (49 hard values); low similarity to neighbouring cues (0.03); hard values spike vs local block (49 vs avg 18.0),C:\Users\lukas\Downloads\ma2_show_analyzer\ma2_show_analyzer\web_jobs\20260331-094732-024f66b9\uploads\Studio_54_main_sequences.xml
cue:11:68:Studio_54_main_sequences.xml:73,sequence:11:Studio_54_main_sequences.xml:1,11,QJU,68,Ondra klavir satna,73,True,27,44,6,10,26,2,0,0,20,0,0,mixed,,,,,,0.0,0.0,0.0,18.14,52.86,0.57,29.14,2.43,43,medium,3,"[""very hard-heavy cue (10 hard values)"", ""low similarity to neighbouring cues (0.00)"", ""touches unusually many feature groups (6)""]",very hard-heavy cue (10 hard values); low similarity to neighbouring cues (0.00); touches unusually many feature groups (6),C:\Users\lukas\Downloads\ma2_show_analyzer\ma2_show_analyzer\web_jobs\20260331-094732-024f66b9\uploads\Studio_54_main_sequences.xml
cue:11:42:Studio_54_main_sequences.xml:47,sequence:11:Studio_54_main_sequences.xml:1,11,QJU,42,Flash,47,True,6,10,2,32,8,0,0,0,8,0,0,hard_only,,,,,,0.741,0.741,0.741,14.29,25.14,0.86,3.43,1.86,42,medium,3,"[""very hard-heavy cue (32 hard values)"", ""hard values spike vs local block (32 vs avg 14.3)"", ""many zero/reset-like values (8)""]",very hard-heavy cue (32 hard values); hard values spike vs local block (32 vs avg 14.3); many zero/reset-like values (8),C:\Users\lukas\Downloads\ma2_show_analyzer\ma2_show_analyzer\web_jobs\20260331-094732-024f66b9\uploads\Studio_54_main_sequences.xml
cue:11:44:Studio_54_main_sequences.xml:49,sequence:11:Studio_54_main_sequences.xml:1,11,QJU,44,Flash,49,True,6,10,2,32,8,0,0,0,8,0,0,hard_only,,,,,,0.741,0.741,0.741,14.29,25.14,1.14,3.43,2.0,42,medium,3,"[""very hard-heavy cue (32 hard values)"", ""hard values spike vs local block (32 vs avg 14.3)"", ""many zero/reset-like values (8)""]",very hard-heavy cue (32 hard values); hard values spike vs local block (32 vs avg 14.3); many zero/reset-like values (8),C:\Users\lukas\Downloads\ma2_show_analyzer\ma2_show_analyzer\web_jobs\20260331-094732-024f66b9\uploads\Studio_54_main_sequences.xml
cue:11:46:Studio_54_main_sequences.xml:51,sequence:11:Studio_54_main_sequences.xml:1,11,QJU,46,Flash,51,True,6,10,2,32,8,0,0,0,8,0,0,hard_only,,,,,,0.741,0.741,0.741,14.29,25.14,1.14,3.43,2.0,42,medium,3,"[""very hard-heavy cue (32 hard values)"", ""hard values spike vs local block (32 vs avg 14.3)"", ""many zero/reset-like values (8)""]",very hard-heavy cue (32 hard values); hard values spike vs local block (32 vs avg 14.3); many zero/reset-like values (8),C:\Users\lukas\Downloads\ma2_show_analyzer\ma2_show_analyzer\web_jobs\20260331-094732-024f66b9\uploads\Studio_54_main_sequences.xml
cue:11:48:Studio_54_main_sequences.xml:53,sequence:11:Studio_54_main_sequences.xml:1,11,QJU,48,Flash,53,True,6,10,2,32,8,0,0,0,8,0,0,hard_only,,,,,,0.741,0.741,0.741,14.29,25.14,1.14,3.43,2.0,42,medium,3,"[""very hard-heavy cue (32 hard values)"", ""hard values spike vs local block (32 vs avg 14.3)"", ""many zero/reset-like values (8)""]",very hard-heavy cue (32 hard values); hard values spike vs local block (32 vs avg 14.3); many zero/reset-like values (8),C:\Users\lukas\Downloads\ma2_show_analyzer\ma2_show_analyzer\web_jobs\20260331-094732-024f66b9\uploads\Studio_54_main_sequences.xml
cue:11:50:Studio_54_main_sequences.xml:55,sequence:11:Studio_54_main_sequences.xml:1,11,QJU,50,Flash,55,True,6,10,2,32,8,0,0,0,8,0,0,hard_only,,,,,,0.741,0.741,0.741,14.29,25.14,1.14,3.43,2.0,42,medium,3,"[""very hard-heavy cue (32 hard values)"", ""hard values spike vs local block (32 vs avg 14.3)"", ""many zero/reset-like values (8)""]",very hard-heavy cue (32 hard values); hard values spike vs local block (32 vs avg 14.3); many zero/reset-like values (8),C:\Users\lukas\Downloads\ma2_show_analyzer\ma2_show_analyzer\web_jobs\20260331-094732-024f66b9\uploads\Studio_54_main_sequences.xml
cue:11:52:Studio_54_main_sequences.xml:57,sequence:11:Studio_54_main_sequences.xml:1,11,QJU,52,Flash,57,True,6,10,2,32,8,0,0,0,8,0,0,hard_only,,,,,,0.741,0.741,0.741,14.29,25.14,1.14,3.43,2.0,42,medium,3,"[""very hard-heavy cue (32 hard values)"", ""hard values spike vs local block (32 vs avg 14.3)"", ""many zero/reset-like values (8)""]",very hard-heavy cue (32 hard values); hard values spike vs local block (32 vs avg 14.3); many zero/reset-like values (8),C:\Users\lukas\Downloads\ma2_show_analyzer\ma2_show_analyzer\web_jobs\20260331-094732-024f66b9\uploads\Studio_54_main_sequences.xml
cue:11:54:Studio_54_main_sequences.xml:59,sequence:11:Studio_54_main_sequences.xml:1,11,QJU,54,Flash,59,True,6,10,2,32,8,0,0,0,8,0,0,hard_only,,,,,,0.741,0.741,0.741,14.29,25.14,1.14,3.43,2.0,42,medium,3,"[""very hard-heavy cue (32 hard values)"", ""hard values spike vs local block (32 vs avg 14.3)"", ""many zero/reset-like values (8)""]",very hard-heavy cue (32 hard values); hard values spike vs local block (32 vs avg 14.3); many zero/reset-like values (8),C:\Users\lukas\Downloads\ma2_show_analyzer\ma2_show_analyzer\web_jobs\20260331-094732-024f66b9\uploads\Studio_54_main_sequences.xml
cue:11:56:Studio_54_main_sequences.xml:61,sequence:11:Studio_54_main_sequences.xml:1,11,QJU,56,Flash,61,True,6,10,2,32,8,0,0,0,8,0,0,hard_only,,,,,,0.741,0.741,0.741,14.29,25.14,1.14,3.43,2.0,42,medium,3,"[""very hard-heavy cue (32 hard values)"", ""hard values spike vs local block (32 vs avg 14.3)"", ""many zero/reset-like values (8)""]",very hard-heavy cue (32 hard values); hard values spike vs local block (32 vs avg 14.3); many zero/reset-like values (8),C:\Users\lukas\Downloads\ma2_show_analyzer\ma2_show_analyzer\web_jobs\20260331-094732-024f66b9\uploads\Studio_54_main_sequences.xml
cue:11:58:Studio_54_main_sequences.xml:63,sequence:11:Studio_54_main_sequences.xml:1,11,QJU,58,Flash,63,True,6,10,2,32,8,0,0,0,8,0,0,hard_only,,,,,,0.741,0.741,0.741,14.29,25.14,1.14,3.43,2.0,42,medium,3,"[""very hard-heavy cue (32 hard values)"", ""hard values spike vs local block (32 vs avg 14.3)"", ""many zero/reset-like values (8)""]",very hard-heavy cue (32 hard values); hard values spike vs local block (32 vs avg 14.3); many zero/reset-like values (8),C:\Users\lukas\Downloads\ma2_show_analyzer\ma2_show_analyzer\web_jobs\20260331-094732-024f66b9\uploads\Studio_54_main_sequences.xml
cue:11:60:Studio_54_main_sequences.xml:65,sequence:11:Studio_54_main_sequences.xml:1,11,QJU,60,Flash,65,True,6,10,2,32,8,0,0,0,8,0,0,hard_only,,,,,,0.741,0.741,0.741,14.29,25.14,1.14,3.43,2.0,42,medium,3,"[""very hard-heavy cue (32 hard values)"", ""hard values spike vs local block (32 vs avg 14.3)"", ""many zero/reset-like values (8)""]",very hard-heavy cue (32 hard values); hard values spike vs local block (32 vs avg 14.3); many zero/reset-like values (8),C:\Users\lukas\Downloads\ma2_show_analyzer\ma2_show_analyzer\web_jobs\20260331-094732-024f66b9\uploads\Studio_54_main_sequences.xml
cue:11:113:Studio_54_main_sequences.xml:121,sequence:11:Studio_54_main_sequences.xml:1,11,QJU,113,lidi,121,True,55,54,6,605,176,9,0,0,477,14,28,mixed,,,,,,0.611,0.74,0.675,541.2,194.0,5.0,369.2,5.2,40,medium,2,"[""very hard-heavy cue (605 hard values)"", ""mixed programming in 28 fixture/family pairs""]",very hard-heavy cue (605 hard values); mixed programming in 28 fixture/family pairs,C:\Users\lukas\Downloads\ma2_show_analyzer\ma2_show_analyzer\web_jobs\20260331-094732-024f66b9\uploads\Studio_54_main_sequences.xml
cue:11:114:Studio_54_main_sequences.xml:122,sequence:11:Studio_54_main_sequences.xml:1,11,QJU,114,8:15.150,122,True,63,62,7,815,272,10,0,1,703,18,32,mixed,,,,,,0.74,0.0,0.37,516.5,220.5,6.0,399.5,5.0,40,medium,2,"[""very hard-heavy cue (815 hard values)"", ""mixed programming in 32 fixture/family pairs""]",very hard-heavy cue (815 hard values); mixed programming in 32 fixture/family pairs,C:\Users\lukas\Downloads\ma2_show_analyzer\ma2_show_analyzer\web_jobs\20260331-094732-024f66b9\uploads\Studio_54_main_sequences.xml
cue:11:79:Studio_54_main_sequences.xml:82,sequence:11:Studio_54_main_sequences.xml:1,11,QJU,79,chuze STYCH od garaze velky,82,True,8,8,1,64,0,0,0,0,32,0,0,hard_only,,,,,,0.0,0.615,0.308,28.0,1.43,0.43,17.57,2.29,40,medium,3,"[""very hard-heavy cue (64 hard values)"", ""noticeable local outlier (0.31)"", ""hard values spike vs local block (64 vs avg 28.0)""]",very hard-heavy cue (64 hard values); noticeable local outlier (0.31); hard values spike vs local block (64 vs avg 28.0),C:\Users\lukas\Downloads\ma2_show_analyzer\ma2_show_analyzer\web_jobs\20260331-094732-024f66b9\uploads\Studio_54_main_sequences.xml
cue:27:1:Studio_54_all_sequences.xml:1,sequence:27:Studio_54_all_sequences.xml:27,27,Sequence 27,1,Cue 1,1,False,25,18,6,36,138,1,0,0,0,6,12,mixed,,,,,,0.0,0.0,0.0,36.0,138.0,1.0,0.0,6.0,40,medium,2,"[""very hard-heavy cue (36 hard values)"", ""mixed programming in 12 fixture/family pairs""]",very hard-heavy cue (36 hard values); mixed programming in 12 fixture/family pairs,C:\Users\lukas\Downloads\ma2_show_analyzer\ma2_show_analyzer\web_jobs\20260331-094732-024f66b9\uploads\Studio_54_all_sequences.xml
cue:11:109:Studio_54_main_sequences.xml:118,sequence:11:Studio_54_main_sequences.xml:1,11,QJU,109,Blesk MIDI,118,True,46,46,6,640,88,1,0,0,248,0,0,mixed,,,,,,0.0,0.098,0.049,348.57,124.0,2.57,198.86,5.14,35,medium,2,"[""very hard-heavy cue (640 hard values)"", ""low similarity to neighbouring cues (0.05)""]",very hard-heavy cue (640 hard values); low similarity to neighbouring cues (0.05),C:\Users\lukas\Downloads\ma2_show_analyzer\ma2_show_analyzer\web_jobs\20260331-094732-024f66b9\uploads\Studio_54_main_sequences.xml
cue:11:95:Studio_54_main_sequences.xml:101,sequence:11:Studio_54_main_sequences.xml:1,11,QJU,95,ukotveny zebrikr ondra nahoru blikam 111,101,True,1,10,5,8,1,1,0,0,2,0,0,mixed,,,,,,0.0,0.0,0.0,17.86,17.71,0.86,15.14,4.29,35,medium,2,"[""very hard-heavy cue (8 hard values)"", ""low similarity to neighbouring cues (0.00)""]",very hard-heavy cue (8 hard values); low similarity to neighbouring cues (0.00),C:\Users\lukas\Downloads\ma2_show_analyzer\ma2_show_analyzer\web_jobs\20260331-094732-024f66b9\uploads\Studio_54_main_sequences.xml
cue:11:19:Studio_54_main_sequences.xml:20,sequence:11:Studio_54_main_sequences.xml:1,11,QJU,19,Scan,20,True,30,50,7,1,49,3,0,0,48,0,0,mixed,,,,,,0.0,0.011,0.006,1.0,16.29,0.71,8.43,2.71,33,medium,3,"[""low similarity to neighbouring cues (0.01)"", ""many zero/reset-like values (48)"", ""touches unusually many feature groups (7)""]",low similarity to neighbouring cues (0.01); many zero/reset-like values (48); touches unusually many feature groups (7),C:\Users\lukas\Downloads\ma2_show_analyzer\ma2_show_analyzer\web_jobs\20260331-094732-024f66b9\uploads\Studio_54_main_sequences.xml
cue:11:40:Studio_54_main_sequences.xml:45,sequence:11:Studio_54_main_sequences.xml:1,11,QJU,40,Flash,45,True,6,10,2,32,8,0,0,0,8,0,0,hard_only,,,,,,0.148,0.741,0.444,9.57,24.29,0.86,5.71,2.29,32,medium,2,"[""very hard-heavy cue (32 hard values)"", ""hard values spike vs local block (32 vs avg 9.6)""]",very hard-heavy cue (32 hard values); hard values spike vs local block (32 vs avg 9.6),C:\Users\lukas\Downloads\ma2_show_analyzer\ma2_show_analyzer\web_jobs\20260331-094732-024f66b9\uploads\Studio_54_main_sequences.xml
cue:11:36.5:Studio_54_main_sequences.xml:40,sequence:11:Studio_54_main_sequences.xml:1,11,QJU,36.5,koule pryc,40,True,63,62,7,19,275,10,0,0,219,0,0,mixed,,,,,,0.994,0.001,0.498,13.57,81.43,3.14,71.71,4.0,27,medium,3,"[""hard-heavy cue (19 hard values)"", ""many zero/reset-like values (219)"", ""many preset refs combined with hard edits""]",hard-heavy cue (19 hard values); many zero/reset-like values (219); many preset refs combined with hard edits,C:\Users\lukas\Downloads\ma2_show_analyzer\ma2_show_analyzer\web_jobs\20260331-094732-024f66b9\uploads\Studio_54_main_sequences.xml
cue:11:26:Studio_54_main_sequences.xml:27,sequence:11:Studio_54_main_sequences.xml:1,11,QJU,26,dojizdi lavka,27,True,25,1,1,1,138,0,0,0,138,0,0,hard_only,,,,,,0.0,0.0,0.0,9.71,25.86,1.14,28.71,3.71,25,medium,2,"[""low similarity to neighbouring cues (0.00)"", ""many zero/reset-like values (138)""]",low similarity to neighbouring cues (0.00); many zero/reset-like values (138),C:\Users\lukas\Downloads\ma2_show_analyzer\ma2_show_analyzer\web_jobs\20260331-094732-024f66b9\uploads\Studio_54_main_sequences.xml
cue:11:5:Studio_54_main_sequences.xml:6,sequence:11:Studio_54_main_sequences.xml:1,11,QJU,5,lidi pryc s hudbou,6,True,47,2,1,2,165,0,0,0,160,0,0,hard_only,,,,,,0.0,0.064,0.032,7.71,27.0,0.71,23.86,3.14,25,medium,2,"[""low similarity to neighbouring cues (0.03)"", ""many zero/reset-like values (160)""]",low similarity to neighbouring cues (0.03); many zero/reset-like values (160),C:\Users\lukas\Downloads\ma2_show_analyzer\ma2_show_analyzer\web_jobs\20260331-094732-024f66b9\uploads\Studio_54_main_sequences.xml
cue:11:91:Studio_54_main_sequences.xml:97,sequence:11:Studio_54_main_sequences.xml:1,11,QJU,91,Zavreny dvere tetra pryc,97,True,25,2,1,1,63,0,0,0,62,0,0,hard_only,,,,,,0.053,0.073,0.063,11.57,36.71,1.0,23.29,3.0,25,medium,2,"[""low similarity to neighbouring cues (0.06)"", ""many zero/reset-like values (62)""]",low similarity to neighbouring cues (0.06); many zero/reset-like values (62),C:\Users\lukas\Downloads\ma2_show_analyzer\ma2_show_analyzer\web_jobs\20260331-094732-024f66b9\uploads\Studio_54_main_sequences.xml
cue:11:105.5:Studio_54_main_sequences.xml:112,sequence:11:Studio_54_main_sequences.xml:1,11,QJU,105.5,PLATFORMA,112,True,1,5,2,4,0,1,0,0,2,1,1,mixed,,,,,,0.0,0.8,0.4,86.43,57.71,0.86,55.71,3.43,24,medium,2,"[""hard-heavy cue (4 hard values)"", ""mixed fixture control on 1 fixtures""]",hard-heavy cue (4 hard values); mixed fixture control on 1 fixtures,C:\Users\lukas\Downloads\ma2_show_analyzer\ma2_show_analyzer\web_jobs\20260331-094732-024f66b9\uploads\Studio_54_main_sequences.xml
cue:11:38:Studio_54_main_sequences.xml:43,sequence:11:Studio_54_main_sequences.xml:1,11,QJU,38,kejs,43,True,36,22,6,0,22,2,0,0,22,0,0,preset_only,,,,,,0.09,0.158,0.124,7.57,57.14,2.0,36.0,2.86,23,medium,2,"[""low similarity to neighbouring cues (0.12)"", ""touches unusually many feature groups (6)""]",low similarity to neighbouring cues (0.12); touches unusually many feature groups (6),C:\Users\lukas\Downloads\ma2_show_analyzer\ma2_show_analyzer\web_jobs\20260331-094732-024f66b9\uploads\Studio_54_main_sequences.xml
cue:11:70:Studio_54_main_sequences.xml:75,sequence:11:Studio_54_main_sequences.xml:1,11,QJU,70,Strip na miste STYCH MIKI ZAPALOVAC,75,True,1,40,6,1,1,1,0,0,0,0,0,mixed,,,,,,0.0,0.019,0.009,6.86,14.29,0.57,6.43,2.86,23,medium,2,"[""low similarity to neighbouring cues (0.01)"", ""touches unusually many feature groups (6)""]",low similarity to neighbouring cues (0.01); touches unusually many feature groups (6),C:\Users\lukas\Downloads\ma2_show_analyzer\ma2_show_analyzer\web_jobs\20260331-094732-024f66b9\uploads\Studio_54_main_sequences.xml
cue:11:8:Studio_54_main_sequences.xml:8,sequence:11:Studio_54_main_sequences.xml:1,11,QJU,8,vrata,8,True,24,48,7,1,1,2,0,0,0,0,0,mixed,,,,,,0.0,0.0,0.0,10.43,35.29,0.86,29.43,3.86,23,medium,2,"[""low similarity to neighbouring cues (0.00)"", ""touches unusually many feature groups (7)""]",low similarity to neighbouring cues (0.00); touches unusually many feature groups (7),C:\Users\lukas\Downloads\ma2_show_analyzer\ma2_show_analyzer\web_jobs\20260331-094732-024f66b9\uploads\Studio_54_main_sequences.xml
cue:11:62:Studio_54_main_sequences.xml:67,sequence:11:Studio_54_main_sequences.xml:1,11,QJU,62,Flash,67,True,6,10,2,32,8,0,0,0,8,0,0,hard_only,,,,,,0.741,0.741,0.741,25.71,55.43,0.86,26.57,1.86,20,low,1,"[""very hard-heavy cue (32 hard values)""]",very hard-heavy cue (32 hard values),C:\Users\lukas\Downloads\ma2_show_analyzer\ma2_show_analyzer\web_jobs\20260331-094732-024f66b9\uploads\Studio_54_main_sequences.xml
cue:2:1:Studio_54_all_sequences.xml:1,sequence:2:Studio_54_all_sequences.xml:2,2,Sequence 2,1,Cue 1,1,False,8,12,2,64,32,0,0,0,40,0,0,hard_only,,,,,,0.0,0.0,0.0,64.0,32.0,0.0,40.0,2.0,20,low,1,"[""very hard-heavy cue (64 hard values)""]",very hard-heavy cue (64 hard values),C:\Users\lukas\Downloads\ma2_show_analyzer\ma2_show_analyzer\web_jobs\20260331-094732-024f66b9\uploads\Studio_54_all_sequences.xml
cue:24:1:Studio_54_all_sequences.xml:1,sequence:24:Studio_54_all_sequences.xml:24,24,Sequence 24,1,Cue 1,1,False,7,5,2,24,7,0,0,0,12,0,0,hard_only,,,,,,0.0,0.0,0.0,24.0,7.0,0.0,12.0,2.0,20,low,1,"[""very hard-heavy cue (24 hard values)""]",very hard-heavy cue (24 hard values),C:\Users\lukas\Downloads\ma2_show_analyzer\ma2_show_analyzer\web_jobs\20260331-094732-024f66b9\uploads\Studio_54_all_sequences.xml
cue:29:1:Studio_54_all_sequences.xml:1,sequence:29:Studio_54_all_sequences.xml:29,29,Sequence 29,1,Cue 1,1,False,29,47,6,108,56,0,0,0,55,0,0,hard_only,,,,,,0.0,0.0,0.0,108.0,56.0,0.0,55.0,6.0,20,low,1,"[""very hard-heavy cue (108 hard values)""]",very hard-heavy cue (108 hard values),C:\Users\lukas\Downloads\ma2_show_analyzer\ma2_show_analyzer\web_jobs\20260331-094732-024f66b9\uploads\Studio_54_all_sequences.xml
cue:32:1:Studio_54_all_sequences.xml:1,sequence:32:Studio_54_all_sequences.xml:32,32,eff,1,Cue 1,1,False,31,3,1,24,0,0,0,0,0,0,0,hard_only,,,,,,0.0,0.0,0.0,24.0,0.0,0.0,0.0,1.0,20,low,1,"[""very hard-heavy cue (24 hard values)""]",very hard-heavy cue (24 hard values),C:\Users\lukas\Downloads\ma2_show_analyzer\ma2_show_analyzer\web_jobs\20260331-094732-024f66b9\uploads\Studio_54_all_sequences.xml
cue:9:1:Studio_54_all_sequences.xml:1,sequence:9:Studio_54_all_sequences.xml:9,9,Sequence 9,1,Cue 1,1,False,1,15,4,11,4,0,0,0,6,0,0,hard_only,,,,,,0.0,0.0,0.0,11.0,4.0,0.0,6.0,4.0,20,low,1,"[""very hard-heavy cue (11 hard values)""]",very hard-heavy cue (11 hard values),C:\Users\lukas\Downloads\ma2_show_analyzer\ma2_show_analyzer\web_jobs\20260331-094732-024f66b9\uploads\Studio_54_all_sequences.xml
cue:11:100:Studio_54_main_sequences.xml:106,sequence:11:Studio_54_main_sequences.xml:1,11,QJU,100,Natalka spot,106,True,9,41,6,1,17,1,0,0,0,0,0,mixed,,,,,,0.286,0.304,0.295,23.71,31.0,0.43,16.0,2.86,16,low,2,"[""noticeable local outlier (0.29)"", ""touches unusually many feature groups (6)""]",noticeable local outlier (0.29); touches unusually many feature groups (6),C:\Users\lukas\Downloads\ma2_show_analyzer\ma2_show_analyzer\web_jobs\20260331-094732-024f66b9\uploads\Studio_54_main_sequences.xml
cue:11:101:Studio_54_main_sequences.xml:107,sequence:11:Studio_54_main_sequences.xml:1,11,QJU,101,studio 54 text,107,True,15,2,1,1,29,0,0,0,1,0,0,hard_only,,,,,,0.304,0.0,0.152,16.86,43.0,0.71,25.43,3.29,15,low,1,"[""low similarity to neighbouring cues (0.15)""]",low similarity to neighbouring cues (0.15),C:\Users\lukas\Downloads\ma2_show_analyzer\ma2_show_analyzer\web_jobs\20260331-094732-024f66b9\uploads\Studio_54_main_sequences.xml
cue:11:102:Studio_54_main_sequences.xml:108,sequence:11:Studio_54_main_sequences.xml:1,11,QJU,102,effekt vlneni,108,True,8,0,0,1,0,0,0,0,0,0,0,hard_only,,,,,,0.0,0.0,0.0,7.71,42.29,0.71,19.57,3.29,15,low,1,"[""low similarity to neighbouring cues (0.00)""]",low similarity to neighbouring cues (0.00),C:\Users\lukas\Downloads\ma2_show_analyzer\ma2_show_analyzer\web_jobs\20260331-094732-024f66b9\uploads\Studio_54_main_sequences.xml
cue:11:105.7:Studio_54_main_sequences.xml:114,sequence:11:Studio_54_main_sequences.xml:1,11,QJU,105.7,PLATFORMA,114,True,1,1,1,0,1,0,0,0,1,0,0,none,,,,,,0.0,0.0,0.0,79.71,28.43,0.71,38.0,3.71,15,low,1,"[""low similarity to neighbouring cues (0.00)""]",low similarity to neighbouring cues (0.00),C:\Users\lukas\Downloads\ma2_show_analyzer\ma2_show_analyzer\web_jobs\20260331-094732-024f66b9\uploads\Studio_54_main_sequences.xml
cue:11:107:Studio_54_main_sequences.xml:116,sequence:11:Studio_54_main_sequences.xml:1,11,QJU,107,zaver u baru,116,True,1,40,6,1,1,1,0,0,0,0,0,mixed,,,,,,0.0,0.0,0.0,170.57,72.43,0.57,106.86,3.71,15,low,1,"[""low similarity to neighbouring cues (0.00)""]",low similarity to neighbouring cues (0.00),C:\Users\lukas\Downloads\ma2_show_analyzer\ma2_show_analyzer\web_jobs\20260331-094732-024f66b9\uploads\Studio_54_main_sequences.xml
cue:11:108:Studio_54_main_sequences.xml:117,sequence:11:Studio_54_main_sequences.xml:1,11,QJU,108,zebrik,117,True,1,40,6,1,0,1,0,0,0,0,0,mixed,,,,,,0.0,0.0,0.0,262.14,99.0,1.29,130.86,4.43,15,low,1,"[""low similarity to neighbouring cues (0.00)""]",low similarity to neighbouring cues (0.00),C:\Users\lukas\Downloads\ma2_show_analyzer\ma2_show_analyzer\web_jobs\20260331-094732-024f66b9\uploads\Studio_54_main_sequences.xml
cue:11:110:Studio_54_main_sequences.xml:119,sequence:11:Studio_54_main_sequences.xml:1,11,QJU,110,BO,119,True,57,2,1,1,248,0,0,0,248,0,0,hard_only,,,,,,0.098,0.084,0.091,386.86,138.71,3.86,263.71,5.43,15,low,1,"[""low similarity to neighbouring cues (0.09)""]",low similarity to neighbouring cues (0.09),C:\Users\lukas\Downloads\ma2_show_analyzer\ma2_show_analyzer\web_jobs\20260331-094732-024f66b9\uploads\Studio_54_main_sequences.xml
cue:11:15:Studio_54_main_sequences.xml:17,sequence:11:Studio_54_main_sequences.xml:1,11,QJU,15,Par 6,17,True,24,1,1,1,48,0,0,0,0,0,0,hard_only,,,,,,0.0,0.0,0.0,1.0,15.29,0.43,6.86,1.14,15,low,1,"[""low similarity to neighbouring cues (0.00)""]",low similarity to neighbouring cues (0.00),C:\Users\lukas\Downloads\ma2_show_analyzer\ma2_show_analyzer\web_jobs\20260331-094732-024f66b9\uploads\Studio_54_main_sequences.xml
cue:11:20:Studio_54_main_sequences.xml:21,sequence:11:Studio_54_main_sequences.xml:1,11,QJU,20,350 1,21,True,6,1,1,1,6,0,0,0,4,0,0,hard_only,,,,,,0.011,0.0,0.006,1.0,9.71,0.86,8.71,3.29,15,low,1,"[""low similarity to neighbouring cues (0.01)""]",low similarity to neighbouring cues (0.01),C:\Users\lukas\Downloads\ma2_show_analyzer\ma2_show_analyzer\web_jobs\20260331-094732-024f66b9\uploads\Studio_54_main_sequences.xml
cue:11:21:Studio_54_main_sequences.xml:22,sequence:11:Studio_54_main_sequences.xml:1,11,QJU,21,350 2,22,True,4,14,5,1,2,1,0,0,2,0,0,mixed,,,,,,0.0,0.0,0.0,1.0,9.86,1.0,9.14,4.0,15,low,1,"[""low similarity to neighbouring cues (0.00)""]",low similarity to neighbouring cues (0.00),C:\Users\lukas\Downloads\ma2_show_analyzer\ma2_show_analyzer\web_jobs\20260331-094732-024f66b9\uploads\Studio_54_main_sequences.xml
cue:11:22:Studio_54_main_sequences.xml:23,sequence:11:Studio_54_main_sequences.xml:1,11,QJU,22,350 3,23,True,7,14,5,1,5,1,0,0,5,0,0,mixed,,,,,,0.0,0.0,0.0,1.0,10.29,1.14,9.86,4.71,15,low,1,"[""low similarity to neighbouring cues (0.00)""]",low similarity to neighbouring cues (0.00),C:\Users\lukas\Downloads\ma2_show_analyzer\ma2_show_analyzer\web_jobs\20260331-094732-024f66b9\uploads\Studio_54_main_sequences.xml
cue:11:23:Studio_54_main_sequences.xml:24,sequence:11:Studio_54_main_sequences.xml:1,11,QJU,23,350 4,24,True,4,14,5,1,2,1,0,0,2,0,0,mixed,,,,,,0.0,0.0,0.0,1.0,23.0,0.71,22.71,3.86,15,low,1,"[""low similarity to neighbouring cues (0.00)""]",low similarity to neighbouring cues (0.00),C:\Users\lukas\Downloads\ma2_show_analyzer\ma2_show_analyzer\web_jobs\20260331-094732-024f66b9\uploads\Studio_54_main_sequences.xml
cue:11:24:Studio_54_main_sequences.xml:25,sequence:11:Studio_54_main_sequences.xml:1,11,QJU,24,350 5,25,True,5,14,5,1,3,1,0,0,3,0,0,mixed,,,,,,0.0,0.0,0.0,0.86,22.14,0.86,22.14,4.0,15,low,1,"[""low similarity to neighbouring cues (0.00)""]",low similarity to neighbouring cues (0.00),C:\Users\lukas\Downloads\ma2_show_analyzer\ma2_show_analyzer\web_jobs\20260331-094732-024f66b9\uploads\Studio_54_main_sequences.xml
cue:11:25:Studio_54_main_sequences.xml:26,sequence:11:Studio_54_main_sequences.xml:1,11,QJU,25,350 6,26,True,7,14,5,1,5,1,0,0,5,0,0,mixed,,,,,,0.0,0.0,0.0,0.71,22.0,0.86,22.0,3.57,15,low,1,"[""low similarity to neighbouring cues (0.00)""]",low similarity to neighbouring cues (0.00),C:\Users\lukas\Downloads\ma2_show_analyzer\ma2_show_analyzer\web_jobs\20260331-094732-024f66b9\uploads\Studio_54_main_sequences.xml
cue:11:35:Studio_54_main_sequences.xml:38,sequence:11:Studio_54_main_sequences.xml:1,11,QJU,35,9:44.916,38,True,16,1,1,0,4,0,0,0,4,0,0,none,,,,,,0.0,0.005,0.002,13.57,75.71,3.29,68.29,4.43,15,low,1,"[""low similarity to neighbouring cues (0.00)""]",low similarity to neighbouring cues (0.00),C:\Users\lukas\Downloads\ma2_show_analyzer\ma2_show_analyzer\web_jobs\20260331-094732-024f66b9\uploads\Studio_54_main_sequences.xml
cue:11:36.6:Studio_54_main_sequences.xml:41,sequence:11:Studio_54_main_sequences.xml:1,11,QJU,36.6,signal,41,True,1,1,1,0,1,0,0,0,1,0,0,none,,,,,,0.001,0.0,0.001,13.57,86.86,3.0,71.71,3.43,15,low,1,"[""low similarity to neighbouring cues (0.00)""]",low similarity to neighbouring cues (0.00),C:\Users\lukas\Downloads\ma2_show_analyzer\ma2_show_analyzer\web_jobs\20260331-094732-024f66b9\uploads\Studio_54_main_sequences.xml
cue:11:37:Studio_54_main_sequences.xml:42,sequence:11:Studio_54_main_sequences.xml:1,11,QJU,37,kruhy se rusi,42,True,22,2,1,0,18,0,0,0,2,0,0,none,,,,,,0.0,0.09,0.045,18.14,87.43,3.0,72.29,3.57,15,low,1,"[""low similarity to neighbouring cues (0.04)""]",low similarity to neighbouring cues (0.04),C:\Users\lukas\Downloads\ma2_show_analyzer\ma2_show_analyzer\web_jobs\20260331-094732-024f66b9\uploads\Studio_54_main_sequences.xml
cue:11:39:Studio_54_main_sequences.xml:44,sequence:11:Studio_54_main_sequences.xml:1,11,QJU,39,catwalk,44,True,27,2,1,1,38,0,0,0,0,0,0,hard_only,,,,,,0.158,0.148,0.153,9.43,19.0,0.57,5.86,2.14,15,low,1,"[""low similarity to neighbouring cues (0.15)""]",low similarity to neighbouring cues (0.15),C:\Users\lukas\Downloads\ma2_show_analyzer\ma2_show_analyzer\web_jobs\20260331-094732-024f66b9\uploads\Studio_54_main_sequences.xml
cue:11:66:Studio_54_main_sequences.xml:71,sequence:11:Studio_54_main_sequences.xml:1,11,QJU,66,konec,71,True,45,2,1,1,102,1,0,0,2,0,0,mixed,,,,,,0.014,0.129,0.071,18.14,62.43,0.71,29.0,1.86,15,low,1,"[""low similarity to neighbouring cues (0.07)""]",low similarity to neighbouring cues (0.07),C:\Users\lukas\Downloads\ma2_show_analyzer\ma2_show_analyzer\web_jobs\20260331-094732-024f66b9\uploads\Studio_54_main_sequences.xml
cue:11:67:Studio_54_main_sequences.xml:72,sequence:11:Studio_54_main_sequences.xml:1,11,QJU,67,Stych Miki  od Garaze Jede lavka,72,True,8,2,1,1,11,0,0,0,9,0,0,hard_only,,,,,,0.129,0.0,0.065,18.14,57.14,0.57,29.0,2.43,15,low,1,"[""low similarity to neighbouring cues (0.07)""]",low similarity to neighbouring cues (0.07),C:\Users\lukas\Downloads\ma2_show_analyzer\ma2_show_analyzer\web_jobs\20260331-094732-024f66b9\uploads\Studio_54_main_sequences.xml
cue:11:69:Studio_54_main_sequences.xml:74,sequence:11:Studio_54_main_sequences.xml:1,11,QJU,69,odjizdi stendr BACHA STYCH,74,True,2,0,0,1,2,0,0,0,2,0,0,hard_only,,,,,,0.0,0.0,0.0,2.29,24.43,0.57,5.0,2.29,15,low,1,"[""low similarity to neighbouring cues (0.00)""]",low similarity to neighbouring cues (0.00),C:\Users\lukas\Downloads\ma2_show_analyzer\ma2_show_analyzer\web_jobs\20260331-094732-024f66b9\uploads\Studio_54_main_sequences.xml
cue:11:77:Studio_54_main_sequences.xml:80,sequence:11:Studio_54_main_sequences.xml:1,11,QJU,77,kokain pro mikiho,80,True,3,4,3,2,3,1,0,0,0,0,0,mixed,,,,,,0.0,0.25,0.125,32.71,7.71,0.43,19.29,2.71,15,low,1,"[""low similarity to neighbouring cues (0.12)""]",low similarity to neighbouring cues (0.12),C:\Users\lukas\Downloads\ma2_show_analyzer\ma2_show_analyzer\web_jobs\20260331-094732-024f66b9\uploads\Studio_54_main_sequences.xml
cue:11:78:Studio_54_main_sequences.xml:81,sequence:11:Studio_54_main_sequences.xml:1,11,QJU,78,Miki odchazi od misky s koksem,81,True,1,1,1,1,1,0,0,0,1,0,0,hard_only,,,,,,0.25,0.0,0.125,32.71,5.71,0.43,19.29,2.71,15,low,1,"[""low similarity to neighbouring cues (0.12)""]",low similarity to neighbouring cues (0.12),C:\Users\lukas\Downloads\ma2_show_analyzer\ma2_show_analyzer\web_jobs\20260331-094732-024f66b9\uploads\Studio_54_main_sequences.xml
cue:11:8.5:Studio_54_main_sequences.xml:9,sequence:11:Studio_54_main_sequences.xml:1,11,QJU,8.5,zebrik,9,True,1,22,6,1,0,1,0,0,0,0,0,mixed,,,,,,0.0,0.328,0.164,10.57,35.29,0.86,29.29,3.71,15,low,1,"[""low similarity to neighbouring cues (0.16)""]",low similarity to neighbouring cues (0.16),C:\Users\lukas\Downloads\ma2_show_analyzer\ma2_show_analyzer\web_jobs\20260331-094732-024f66b9\uploads\Studio_54_main_sequences.xml
cue:11:80.1:Studio_54_main_sequences.xml:84,sequence:11:Studio_54_main_sequences.xml:1,11,QJU,80.1,STYCH ALEX DOKUD NEVOJEDE PATRIKA A POTOM PATRIKA,84,True,1,1,1,1,1,0,0,0,1,0,0,hard_only,,,,,,0.01,0.0,0.005,27.71,2.57,0.43,18.71,2.57,15,low,1,"[""low similarity to neighbouring cues (0.01)""]",low similarity to neighbouring cues (0.01),C:\Users\lukas\Downloads\ma2_show_analyzer\ma2_show_analyzer\web_jobs\20260331-094732-024f66b9\uploads\Studio_54_main_sequences.xml
cue:11:80.5:Studio_54_main_sequences.xml:85,sequence:11:Studio_54_main_sequences.xml:1,11,QJU,80.5,koule dolu,85,True,2,5,2,0,1,1,0,0,0,0,0,preset_only,,,,,,0.0,0.2,0.1,27.71,6.43,0.57,20.29,3.29,15,low,1,"[""low similarity to neighbouring cues (0.10)""]",low similarity to neighbouring cues (0.10),C:\Users\lukas\Downloads\ma2_show_analyzer\ma2_show_analyzer\web_jobs\20260331-094732-024f66b9\uploads\Studio_54_main_sequences.xml
cue:11:80.6:Studio_54_main_sequences.xml:86,sequence:11:Studio_54_main_sequences.xml:1,11,QJU,80.6,signal,86,True,1,1,1,0,1,0,0,0,1,0,0,none,,,,,,0.2,0.0,0.1,18.71,8.29,0.57,16.43,3.29,15,low,1,"[""low similarity to neighbouring cues (0.10)""]",low similarity to neighbouring cues (0.10),C:\Users\lukas\Downloads\ma2_show_analyzer\ma2_show_analyzer\web_jobs\20260331-094732-024f66b9\uploads\Studio_54_main_sequences.xml
cue:11:82:Studio_54_main_sequences.xml:88,sequence:11:Studio_54_main_sequences.xml:1,11,QJU,82,buzno tanec,88,True,21,41,6,1,28,1,0,0,12,0,0,mixed,,,,,,0.041,0.111,0.076,24.29,18.43,0.71,18.43,3.43,15,low,1,"[""low similarity to neighbouring cues (0.08)""]",low similarity to neighbouring cues (0.08),C:\Users\lukas\Downloads\ma2_show_analyzer\ma2_show_analyzer\web_jobs\20260331-094732-024f66b9\uploads\Studio_54_main_sequences.xml
cue:11:83:Studio_54_main_sequences.xml:89,sequence:11:Studio_54_main_sequences.xml:1,11,QJU,83,buzno duet 2,89,True,9,2,1,1,13,0,0,0,5,0,0,hard_only,,,,,,0.111,0.039,0.075,24.29,18.29,0.57,18.43,3.14,15,low,1,"[""low similarity to neighbouring cues (0.07)""]",low similarity to neighbouring cues (0.07),C:\Users\lukas\Downloads\ma2_show_analyzer\ma2_show_analyzer\web_jobs\20260331-094732-024f66b9\uploads\Studio_54_main_sequences.xml
cue:11:86:Studio_54_main_sequences.xml:92,sequence:11:Studio_54_main_sequences.xml:1,11,QJU,86,STYCH pres vsechny velky,92,True,0,0,0,0,0,0,0,0,0,0,0,none,,,,,,0.0,0.0,0.0,26.14,32.14,0.86,21.57,2.43,15,low,1,"[""low similarity to neighbouring cues (0.00)""]",low similarity to neighbouring cues (0.00),C:\Users\lukas\Downloads\ma2_show_analyzer\ma2_show_analyzer\web_jobs\20260331-094732-024f66b9\uploads\Studio_54_main_sequences.xml
cue:11:9.5:Studio_54_main_sequences.xml:11,sequence:11:Studio_54_main_sequences.xml:1,11,QJU,9.5,zebrik pryc,11,True,1,1,1,1,1,0,0,0,1,0,0,hard_only,,,,,,0.015,0.0,0.007,3.57,10.14,0.57,6.29,2.86,15,low,1,"[""low similarity to neighbouring cues (0.01)""]",low similarity to neighbouring cues (0.01),C:\Users\lukas\Downloads\ma2_show_analyzer\ma2_show_analyzer\web_jobs\20260331-094732-024f66b9\uploads\Studio_54_main_sequences.xml
cue:11:90:Studio_54_main_sequences.xml:96,sequence:11:Studio_54_main_sequences.xml:1,11,QJU,90,dvere pryc,96,True,1,1,1,1,1,0,0,0,1,0,0,hard_only,,,,,,0.002,0.053,0.028,11.57,38.71,0.86,24.43,2.43,15,low,1,"[""low similarity to neighbouring cues (0.03)""]",low similarity to neighbouring cues (0.03),C:\Users\lukas\Downloads\ma2_show_analyzer\ma2_show_analyzer\web_jobs\20260331-094732-024f66b9\uploads\Studio_54_main_sequences.xml
cue:11:92:Studio_54_main_sequences.xml:98,sequence:11:Studio_54_main_sequences.xml:1,11,QJU,92,vrchol dekkancers,98,True,30,41,6,0,33,2,0,0,21,0,0,preset_only,,,,,,0.073,0.087,0.08,12.71,34.57,1.0,21.43,3.57,15,low,1,"[""low similarity to neighbouring cues (0.08)""]",low similarity to neighbouring cues (0.08),C:\Users\lukas\Downloads\ma2_show_analyzer\ma2_show_analyzer\web_jobs\20260331-094732-024f66b9\uploads\Studio_54_main_sequences.xml
cue:11:93:Studio_54_main_sequences.xml:99,sequence:11:Studio_54_main_sequences.xml:1,11,QJU,93,konec hudby blikani exec 111,99,True,27,2,1,1,35,0,0,0,12,0,0,hard_only,,,,,,0.087,0.05,0.068,1.86,19.0,0.71,14.0,3.57,15,low,1,"[""low similarity to neighbouring cues (0.07)""]",low similarity to neighbouring cues (0.07),C:\Users\lukas\Downloads\ma2_show_analyzer\ma2_show_analyzer\web_jobs\20260331-094732-024f66b9\uploads\Studio_54_main_sequences.xml
cue:11:94:Studio_54_main_sequences.xml:100,sequence:11:Studio_54_main_sequences.xml:1,11,QJU,94,bejk nahore,100,True,2,25,5,1,0,1,0,0,0,0,0,mixed,,,,,,0.05,0.0,0.025,8.71,22.0,0.71,16.43,3.71,15,low,1,"[""low similarity to neighbouring cues (0.03)""]",low similarity to neighbouring cues (0.03),C:\Users\lukas\Downloads\ma2_show_analyzer\ma2_show_analyzer\web_jobs\20260331-094732-024f66b9\uploads\Studio_54_main_sequences.xml
cue:11:96:Studio_54_main_sequences.xml:102,sequence:11:Studio_54_main_sequences.xml:1,11,QJU,96,bouhnou konfety buzek zase blikam,102,True,1,40,6,1,0,1,0,0,0,0,0,mixed,,,,,,0.0,0.0,0.0,18.0,15.29,0.57,12.14,3.57,15,low,1,"[""low similarity to neighbouring cues (0.00)""]",low similarity to neighbouring cues (0.00),C:\Users\lukas\Downloads\ma2_show_analyzer\ma2_show_analyzer\web_jobs\20260331-094732-024f66b9\uploads\Studio_54_main_sequences.xml
cue:11:99:Studio_54_main_sequences.xml:105,sequence:11:Studio_54_main_sequences.xml:1,11,QJU,99,solo nely,105,True,8,2,1,1,16,0,0,0,0,0,0,hard_only,,,,,,0.075,0.286,0.18,17.0,16.71,0.43,10.29,3.0,15,low,1,"[""low similarity to neighbouring cues (0.18)""]",low similarity to neighbouring cues (0.18),C:\Users\lukas\Downloads\ma2_show_analyzer\ma2_show_analyzer\web_jobs\20260331-094732-024f66b9\uploads\Studio_54_main_sequences.xml
cue:11:105.6:Studio_54_main_sequences.xml:113,sequence:11:Studio_54_main_sequences.xml:1,11,QJU,105.6,PLATFORMA,113,True,1,4,1,4,0,0,0,0,2,0,0,hard_only,,,,,,0.8,0.0,0.4,79.71,43.57,0.86,50.0,3.57,12,low,1,"[""hard-heavy cue (4 hard values)""]",hard-heavy cue (4 hard values),C:\Users\lukas\Downloads\ma2_show_analyzer\ma2_show_analyzer\web_jobs\20260331-094732-024f66b9\uploads\Studio_54_main_sequences.xml
cue:34:1:Studio_54_all_sequences.xml:1,sequence:34:Studio_54_all_sequences.xml:34,34,signal,1,Cue 1,1,False,1,5,2,4,1,0,0,0,2,0,0,hard_only,,,,,,0.0,0.0,0.0,4.0,1.0,0.0,2.0,2.0,12,low,1,"[""hard-heavy cue (4 hard values)""]",hard-heavy cue (4 hard values),C:\Users\lukas\Downloads\ma2_show_analyzer\ma2_show_analyzer\web_jobs\20260331-094732-024f66b9\uploads\Studio_54_all_sequences.xml
cue:11:104:Studio_54_main_sequences.xml:110,sequence:11:Studio_54_main_sequences.xml:1,11,QJU,104,Po blesku,110,True,47,15,5,1,106,2,0,0,84,0,0,mixed,,,,,,0.979,0.984,0.982,8.57,37.57,0.71,20.14,2.71,10,low,1,"[""many zero/reset-like values (84)""]",many zero/reset-like values (84),C:\Users\lukas\Downloads\ma2_show_analyzer\ma2_show_analyzer\web_jobs\20260331-094732-024f66b9\uploads\Studio_54_main_sequences.xml
cue:11:3.5:Studio_54_main_sequences.xml:4,sequence:11:Studio_54_main_sequences.xml:1,11,QJU,3.5,8x metronom odchazi miki,4,True,1,1,1,1,1,0,0,0,1,0,0,hard_only,,,,,,0.2,0.5,0.35,96.43,50.43,1.14,94.0,2.29,8,low,1,"[""noticeable local outlier (0.35)""]",noticeable local outlier (0.35),C:\Users\lukas\Downloads\ma2_show_analyzer\ma2_show_analyzer\web_jobs\20260331-094732-024f66b9\uploads\Studio_54_main_sequences.xml
cue:11:32:Studio_54_main_sequences.xml:35,sequence:11:Studio_54_main_sequences.xml:1,11,QJU,32,8:58.183,35,True,8,25,5,0,0,1,0,0,0,0,0,preset_only,,,,,,0.0,0.543,0.272,0.29,1.14,1.0,0.57,4.43,8,low,1,"[""noticeable local outlier (0.27)""]",noticeable local outlier (0.27),C:\Users\lukas\Downloads\ma2_show_analyzer\ma2_show_analyzer\web_jobs\20260331-094732-024f66b9\uploads\Studio_54_main_sequences.xml
cue:11:34:Studio_54_main_sequences.xml:37,sequence:11:Studio_54_main_sequences.xml:1,11,QJU,34,9:29.372,37,True,12,14,5,1,0,1,0,0,0,0,0,mixed,,,,,,0.457,0.0,0.228,13.57,75.57,3.43,68.14,5.0,8,low,1,"[""noticeable local outlier (0.23)""]",noticeable local outlier (0.23),C:\Users\lukas\Downloads\ma2_show_analyzer\ma2_show_analyzer\web_jobs\20260331-094732-024f66b9\uploads\Studio_54_main_sequences.xml
cue:11:4:Studio_54_main_sequences.xml:5,sequence:11:Studio_54_main_sequences.xml:1,11,QJU,4,zabouhne dvere,5,True,2,1,1,0,2,0,0,0,1,0,0,none,,,,,,0.5,0.0,0.25,7.71,27.86,0.57,24.0,2.43,8,low,1,"[""noticeable local outlier (0.25)""]",noticeable local outlier (0.25),C:\Users\lukas\Downloads\ma2_show_analyzer\ma2_show_analyzer\web_jobs\20260331-094732-024f66b9\uploads\Studio_54_main_sequences.xml
cue:11:64:Studio_54_main_sequences.xml:69,sequence:11:Studio_54_main_sequences.xml:1,11,QJU,64,jdou dopredu,69,True,29,2,1,1,44,0,0,0,0,0,0,hard_only,,,,,,0.367,0.0,0.183,21.29,65.0,0.71,27.0,1.57,8,low,1,"[""noticeable local outlier (0.18)""]",noticeable local outlier (0.18),C:\Users\lukas\Downloads\ma2_show_analyzer\ma2_show_analyzer\web_jobs\20260331-094732-024f66b9\uploads\Studio_54_main_sequences.xml
cue:11:87:Studio_54_main_sequences.xml:93,sequence:11:Studio_54_main_sequences.xml:1,11,QJU,87,shluk na stredu STYCH pryc,93,True,14,1,1,1,14,0,0,0,8,0,0,hard_only,,,,,,0.0,0.591,0.295,26.14,30.43,0.86,21.0,2.43,8,low,1,"[""noticeable local outlier (0.29)""]",noticeable local outlier (0.29),C:\Users\lukas\Downloads\ma2_show_analyzer\ma2_show_analyzer\web_jobs\20260331-094732-024f66b9\uploads\Studio_54_main_sequences.xml
cue:11:88:Studio_54_main_sequences.xml:94,sequence:11:Studio_54_main_sequences.xml:1,11,QJU,88,STROBO,94,True,19,3,1,0,16,1,0,0,15,0,0,preset_only,,,,,,0.591,0.033,0.312,21.86,34.14,0.57,27.0,1.71,8,low,1,"[""noticeable local outlier (0.31)""]",noticeable local outlier (0.31),C:\Users\lukas\Downloads\ma2_show_analyzer\ma2_show_analyzer\web_jobs\20260331-094732-024f66b9\uploads\Studio_54_main_sequences.xml
cue:1:1:Studio_54_all_sequences.xml:1,sequence:1:Studio_54_all_sequences.xml:1,1,Sequence 1,1,Cue 1,1,False,30,0,0,0,30,0,0,0,0,0,0,none,,,,,,1.0,1.0,1.0,0.0,30.0,0.0,0.0,0.0,0,low,0,[],stable cue profile,C:\Users\lukas\Downloads\ma2_show_analyzer\ma2_show_analyzer\web_jobs\20260331-094732-024f66b9\uploads\Studio_54_all_sequences.xml
cue:10:1:Studio_54_all_sequences.xml:1,sequence:10:Studio_54_all_sequences.xml:10,10,Sequence 10,1,Cue 1,1,False,1,2,1,0,2,0,0,0,1,0,0,none,,,,,,0.0,0.0,0.0,0.0,2.0,0.0,1.0,1.0,0,low,0,[],stable cue profile,C:\Users\lukas\Downloads\ma2_show_analyzer\ma2_show_analyzer\web_jobs\20260331-094732-024f66b9\uploads\Studio_54_all_sequences.xml
cue:11:10:Studio_54_main_sequences.xml:12,sequence:11:Studio_54_main_sequences.xml:1,11,QJU,10,Par 1,12,True,2,0,0,1,2,0,0,0,0,0,0,hard_only,,,,,,0.0,1.0,0.5,3.57,10.29,0.29,6.29,1.86,0,low,0,[],stable cue profile,C:\Users\lukas\Downloads\ma2_show_analyzer\ma2_show_analyzer\web_jobs\20260331-094732-024f66b9\uploads\Studio_54_main_sequences.xml
cue:11:105:Studio_54_main_sequences.xml:111,sequence:11:Studio_54_main_sequences.xml:1,11,QJU,105,najezd do sta,111,True,20,15,5,1,28,1,0,0,12,0,0,mixed,,,,,,0.984,0.0,0.492,8.43,33.57,0.71,20.14,2.71,0,low,0,[],stable cue profile,C:\Users\lukas\Downloads\ma2_show_analyzer\ma2_show_analyzer\web_jobs\20260331-094732-024f66b9\uploads\Studio_54_main_sequences.xml
cue:11:11:Studio_54_main_sequences.xml:13,sequence:11:Studio_54_main_sequences.xml:1,11,QJU,11,Par 2,13,True,2,0,0,1,2,0,0,0,0,0,0,hard_only,,,,,,1.0,1.0,1.0,3.57,10.57,0.14,6.29,1.0,0,low,0,[],stable cue profile,C:\Users\lukas\Downloads\ma2_show_analyzer\ma2_show_analyzer\web_jobs\20260331-094732-024f66b9\uploads\Studio_54_main_sequences.xml
cue:11:12:Studio_54_main_sequences.xml:14,sequence:11:Studio_54_main_sequences.xml:1,11,QJU,12,Par 3,14,True,2,0,0,1,2,0,0,0,0,0,0,hard_only,,,,,,1.0,1.0,1.0,1.0,8.43,0.0,0.14,0.29,0,low,0,[],stable cue profile,C:\Users\lukas\Downloads\ma2_show_analyzer\ma2_show_analyzer\web_jobs\20260331-094732-024f66b9\uploads\Studio_54_main_sequences.xml
cue:11:13:Studio_54_main_sequences.xml:15,sequence:11:Studio_54_main_sequences.xml:1,11,QJU,13,Par 4,15,True,2,0,0,1,2,0,0,0,0,0,0,hard_only,,,,,,1.0,1.0,1.0,1.0,8.57,0.0,0.0,0.14,0,low,0,[],stable cue profile,C:\Users\lukas\Downloads\ma2_show_analyzer\ma2_show_analyzer\web_jobs\20260331-094732-024f66b9\uploads\Studio_54_main_sequences.xml
cue:11:14:Studio_54_main_sequences.xml:16,sequence:11:Studio_54_main_sequences.xml:1,11,QJU,14,Par 5,16,True,2,0,0,1,2,0,0,0,0,0,0,hard_only,,,,,,1.0,0.0,0.5,1.0,8.57,0.0,0.0,0.14,0,low,0,[],stable cue profile,C:\Users\lukas\Downloads\ma2_show_analyzer\ma2_show_analyzer\web_jobs\20260331-094732-024f66b9\uploads\Studio_54_main_sequences.xml
cue:11:16:Studio_54_main_sequences.xml:18,sequence:11:Studio_54_main_sequences.xml:1,11,QJU,16,Par 7,18,True,2,0,0,1,2,0,0,0,0,0,0,hard_only,,,,,,0.0,1.0,0.5,1.0,15.86,0.43,7.43,1.29,0,low,0,[],stable cue profile,C:\Users\lukas\Downloads\ma2_show_analyzer\ma2_show_analyzer\web_jobs\20260331-094732-024f66b9\uploads\Studio_54_main_sequences.xml
cue:11:17:Studio_54_main_sequences.xml:19,sequence:11:Studio_54_main_sequences.xml:1,11,QJU,17,Par 8,19,True,2,0,0,1,2,0,0,0,0,0,0,hard_only,,,,,,1.0,0.0,0.5,1.0,15.86,0.57,7.71,2.0,0,low,0,[],stable cue profile,C:\Users\lukas\Downloads\ma2_show_analyzer\ma2_show_analyzer\web_jobs\20260331-094732-024f66b9\uploads\Studio_54_main_sequences.xml
cue:11:2:Studio_54_main_sequences.xml:2,sequence:11:Studio_54_main_sequences.xml:1,11,QJU,2,Miki tma zacatek interview,2,True,6,1,1,1,6,0,0,0,1,0,0,hard_only,,,,,,0.009,0.833,0.421,124.8,34.6,1.2,99.4,2.0,0,low,0,[],stable cue profile,C:\Users\lukas\Downloads\ma2_show_analyzer\ma2_show_analyzer\web_jobs\20260331-094732-024f66b9\uploads\Studio_54_main_sequences.xml
cue:11:26.5:Studio_54_main_sequences.xml:28,sequence:11:Studio_54_main_sequences.xml:1,11,QJU,26.5,koule 6.27,28,True,1,5,2,0,0,1,0,0,0,0,0,preset_only,,,,,,0.0,1.0,0.5,9.57,26.14,1.14,29.0,3.71,0,low,0,[],stable cue profile,C:\Users\lukas\Downloads\ma2_show_analyzer\ma2_show_analyzer\web_jobs\20260331-094732-024f66b9\uploads\Studio_54_main_sequences.xml
cue:11:26.8:Studio_54_main_sequences.xml:29,sequence:11:Studio_54_main_sequences.xml:1,11,QJU,26.8,signal,29,True,1,5,2,0,1,1,0,0,1,0,0,preset_only,,,,,,1.0,0.0,0.5,9.43,26.29,1.14,28.57,3.71,0,low,0,[],stable cue profile,C:\Users\lukas\Downloads\ma2_show_analyzer\ma2_show_analyzer\web_jobs\20260331-094732-024f66b9\uploads\Studio_54_main_sequences.xml
cue:11:28:Studio_54_main_sequences.xml:31,sequence:11:Studio_54_main_sequences.xml:1,11,QJU,28,7:16.472,31,True,16,14,5,0,4,1,0,0,4,0,0,preset_only,,,,,,0.028,1.0,0.514,9.29,5.86,1.29,8.14,4.29,0,low,0,[],stable cue profile,C:\Users\lukas\Downloads\ma2_show_analyzer\ma2_show_analyzer\web_jobs\20260331-094732-024f66b9\uploads\Studio_54_main_sequences.xml
cue:11:29:Studio_54_main_sequences.xml:32,sequence:11:Studio_54_main_sequences.xml:1,11,QJU,29,8:03.383,32,True,16,14,5,0,4,1,0,0,0,0,0,preset_only,,,,,,1.0,0.977,0.988,9.29,5.86,1.29,8.14,4.71,0,low,0,[],stable cue profile,C:\Users\lukas\Downloads\ma2_show_analyzer\ma2_show_analyzer\web_jobs\20260331-094732-024f66b9\uploads\Studio_54_main_sequences.xml
cue:11:3:Studio_54_main_sequences.xml:3,sequence:11:Studio_54_main_sequences.xml:1,11,QJU,3,zpet spot miki konec interview,3,True,5,1,1,0,5,0,0,0,4,0,0,none,,,,,,0.833,0.2,0.517,104.33,56.33,1.0,109.5,1.83,0,low,0,[],stable cue profile,C:\Users\lukas\Downloads\ma2_show_analyzer\ma2_show_analyzer\web_jobs\20260331-094732-024f66b9\uploads\Studio_54_main_sequences.xml
cue:11:30:Studio_54_main_sequences.xml:33,sequence:11:Studio_54_main_sequences.xml:1,11,QJU,30,8:11.257,33,True,12,14,5,1,0,1,0,0,0,0,0,mixed,,,,,,0.977,1.0,0.988,9.29,5.71,1.43,8.0,5.14,0,low,0,[],stable cue profile,C:\Users\lukas\Downloads\ma2_show_analyzer\ma2_show_analyzer\web_jobs\20260331-094732-024f66b9\uploads\Studio_54_main_sequences.xml
cue:11:31:Studio_54_main_sequences.xml:34,sequence:11:Studio_54_main_sequences.xml:1,11,QJU,31,8:15.150,34,True,20,14,5,0,0,1,0,1,0,0,0,preset_only,,,,,,1.0,0.0,0.5,0.29,1.14,1.14,0.57,5.0,0,low,0,[],stable cue profile,C:\Users\lukas\Downloads\ma2_show_analyzer\ma2_show_analyzer\web_jobs\20260331-094732-024f66b9\uploads\Studio_54_main_sequences.xml
cue:11:33:Studio_54_main_sequences.xml:36,sequence:11:Studio_54_main_sequences.xml:1,11,QJU,33,9:13.805,36,True,20,26,5,0,0,2,0,0,0,0,0,preset_only,,,,,,0.543,0.457,0.5,11.0,36.29,2.14,36.86,4.71,0,low,0,[],stable cue profile,C:\Users\lukas\Downloads\ma2_show_analyzer\ma2_show_analyzer\web_jobs\20260331-094732-024f66b9\uploads\Studio_54_main_sequences.xml
cue:11:41:Studio_54_main_sequences.xml:46,sequence:11:Studio_54_main_sequences.xml:1,11,QJU,41,catwalk,46,True,27,10,2,1,38,2,0,0,0,0,0,mixed,,,,,,0.741,0.741,0.741,14.14,22.86,0.86,6.57,2.43,0,low,0,[],stable cue profile,C:\Users\lukas\Downloads\ma2_show_analyzer\ma2_show_analyzer\web_jobs\20260331-094732-024f66b9\uploads\Studio_54_main_sequences.xml
cue:11:43:Studio_54_main_sequences.xml:48,sequence:11:Studio_54_main_sequences.xml:1,11,QJU,43,catwalk,48,True,27,10,2,1,38,2,0,0,0,0,0,mixed,,,,,,0.741,0.741,0.741,18.71,20.86,0.86,4.57,2.0,0,low,0,[],stable cue profile,C:\Users\lukas\Downloads\ma2_show_analyzer\ma2_show_analyzer\web_jobs\20260331-094732-024f66b9\uploads\Studio_54_main_sequences.xml
cue:11:45:Studio_54_main_sequences.xml:50,sequence:11:Studio_54_main_sequences.xml:1,11,QJU,45,catwalk,50,True,27,10,2,1,38,2,0,0,0,0,0,mixed,,,,,,0.741,0.741,0.741,18.71,20.86,0.86,4.57,2.0,0,low,0,[],stable cue profile,C:\Users\lukas\Downloads\ma2_show_analyzer\ma2_show_analyzer\web_jobs\20260331-094732-024f66b9\uploads\Studio_54_main_sequences.xml
cue:11:47:Studio_54_main_sequences.xml:52,sequence:11:Studio_54_main_sequences.xml:1,11,QJU,47,catwalk,52,True,27,10,2,1,38,2,0,0,0,0,0,mixed,,,,,,0.741,0.741,0.741,18.71,20.86,0.86,4.57,2.0,0,low,0,[],stable cue profile,C:\Users\lukas\Downloads\ma2_show_analyzer\ma2_show_analyzer\web_jobs\20260331-094732-024f66b9\uploads\Studio_54_main_sequences.xml
cue:11:49:Studio_54_main_sequences.xml:54,sequence:11:Studio_54_main_sequences.xml:1,11,QJU,49,catwalk,54,True,27,10,2,1,38,2,0,0,0,0,0,mixed,,,,,,0.741,0.741,0.741,18.71,20.86,0.86,4.57,2.0,0,low,0,[],stable cue profile,C:\Users\lukas\Downloads\ma2_show_analyzer\ma2_show_analyzer\web_jobs\20260331-094732-024f66b9\uploads\Studio_54_main_sequences.xml
cue:11:51:Studio_54_main_sequences.xml:56,sequence:11:Studio_54_main_sequences.xml:1,11,QJU,51,catwalk,56,True,27,10,2,1,38,2,0,0,0,0,0,mixed,,,,,,0.741,0.741,0.741,18.71,20.86,0.86,4.57,2.0,0,low,0,[],stable cue profile,C:\Users\lukas\Downloads\ma2_show_analyzer\ma2_show_analyzer\web_jobs\20260331-094732-024f66b9\uploads\Studio_54_main_sequences.xml
cue:11:53:Studio_54_main_sequences.xml:58,sequence:11:Studio_54_main_sequences.xml:1,11,QJU,53,catwalk,58,True,27,10,2,1,38,2,0,0,0,0,0,mixed,,,,,,0.741,0.741,0.741,18.71,20.86,0.86,4.57,2.0,0,low,0,[],stable cue profile,C:\Users\lukas\Downloads\ma2_show_analyzer\ma2_show_analyzer\web_jobs\20260331-094732-024f66b9\uploads\Studio_54_main_sequences.xml
cue:11:55:Studio_54_main_sequences.xml:60,sequence:11:Studio_54_main_sequences.xml:1,11,QJU,55,catwalk,60,True,27,10,2,1,38,2,0,0,0,0,0,mixed,,,,,,0.741,0.741,0.741,18.71,20.86,0.86,4.57,2.0,0,low,0,[],stable cue profile,C:\Users\lukas\Downloads\ma2_show_analyzer\ma2_show_analyzer\web_jobs\20260331-094732-024f66b9\uploads\Studio_54_main_sequences.xml
cue:11:57:Studio_54_main_sequences.xml:62,sequence:11:Studio_54_main_sequences.xml:1,11,QJU,57,catwalk,62,True,27,10,2,1,38,2,0,0,0,0,0,mixed,,,,,,0.741,0.741,0.741,18.71,20.86,0.86,4.57,2.0,0,low,0,[],stable cue profile,C:\Users\lukas\Downloads\ma2_show_analyzer\ma2_show_analyzer\web_jobs\20260331-094732-024f66b9\uploads\Studio_54_main_sequences.xml
cue:11:59:Studio_54_main_sequences.xml:64,sequence:11:Studio_54_main_sequences.xml:1,11,QJU,59,catwalk,64,True,27,10,2,1,38,2,0,0,0,0,0,mixed,,,,,,0.741,0.741,0.741,18.71,20.86,0.86,4.57,2.0,0,low,0,[],stable cue profile,C:\Users\lukas\Downloads\ma2_show_analyzer\ma2_show_analyzer\web_jobs\20260331-094732-024f66b9\uploads\Studio_54_main_sequences.xml
cue:11:61:Studio_54_main_sequences.xml:66,sequence:11:Studio_54_main_sequences.xml:1,11,QJU,61,catwalk,66,True,27,10,2,1,38,2,0,0,0,0,0,mixed,,,,,,0.741,0.741,0.741,14.29,26.0,0.86,3.43,1.86,0,low,0,[],stable cue profile,C:\Users\lukas\Downloads\ma2_show_analyzer\ma2_show_analyzer\web_jobs\20260331-094732-024f66b9\uploads\Studio_54_main_sequences.xml
cue:11:63:Studio_54_main_sequences.xml:68,sequence:11:Studio_54_main_sequences.xml:1,11,QJU,63,catwalk,68,True,27,10,2,1,38,2,0,0,0,0,0,mixed,,,,,,0.741,0.367,0.554,25.71,64.57,0.71,26.86,1.71,0,low,0,[],stable cue profile,C:\Users\lukas\Downloads\ma2_show_analyzer\ma2_show_analyzer\web_jobs\20260331-094732-024f66b9\uploads\Studio_54_main_sequences.xml
cue:11:71:Studio_54_main_sequences.xml:76,sequence:11:Studio_54_main_sequences.xml:1,11,QJU,71,miki ji pripali,76,True,14,1,1,1,14,0,0,0,1,0,0,hard_only,,,,,,0.019,0.929,0.474,15.86,13.14,0.57,9.86,3.0,0,low,0,[],stable cue profile,C:\Users\lukas\Downloads\ma2_show_analyzer\ma2_show_analyzer\web_jobs\20260331-094732-024f66b9\uploads\Studio_54_main_sequences.xml
cue:11:72:Studio_54_main_sequences.xml:77,sequence:11:Studio_54_main_sequences.xml:1,11,QJU,72,STYCH Dotancuji steluje mu motylka,77,True,15,1,1,1,15,0,0,0,1,0,0,hard_only,,,,,,0.929,0.055,0.492,14.71,9.86,0.43,7.0,2.57,0,low,0,[],stable cue profile,C:\Users\lukas\Downloads\ma2_show_analyzer\ma2_show_analyzer\web_jobs\20260331-094732-024f66b9\uploads\Studio_54_main_sequences.xml
cue:12:1:Studio_54_all_sequences.xml:1,sequence:12:Studio_54_all_sequences.xml:12,12,Sequence 12,1,Cue 1,1,False,7,2,2,1,7,0,0,0,1,0,0,hard_only,,,,,,0.0,0.0,0.0,1.0,7.0,0.0,1.0,2.0,0,low,0,[],stable cue profile,C:\Users\lukas\Downloads\ma2_show_analyzer\ma2_show_analyzer\web_jobs\20260331-094732-024f66b9\uploads\Studio_54_all_sequences.xml
cue:13:1:Studio_54_all_sequences.xml:1,sequence:13:Studio_54_all_sequences.xml:13,13,Sequence 13,1,Cue 1,1,False,1,1,1,0,1,0,0,0,0,0,0,none,,,,,,0.0,0.0,0.0,0.0,1.0,0.0,0.0,1.0,0,low,0,[],stable cue profile,C:\Users\lukas\Downloads\ma2_show_analyzer\ma2_show_analyzer\web_jobs\20260331-094732-024f66b9\uploads\Studio_54_all_sequences.xml
cue:14:1:Studio_54_all_sequences.xml:1,sequence:14:Studio_54_all_sequences.xml:14,14,2,1,Cue 1,1,False,1,2,1,1,2,0,0,0,1,0,0,hard_only,,,,,,0.0,1.0,0.5,0.5,2.0,0.0,1.5,1.0,0,low,0,[],stable cue profile,C:\Users\lukas\Downloads\ma2_show_analyzer\ma2_show_analyzer\web_jobs\20260331-094732-024f66b9\uploads\Studio_54_all_sequences.xml
cue:14:2:Studio_54_all_sequences.xml:2,sequence:14:Studio_54_all_sequences.xml:14,14,2,2,Cue 2,2,False,1,2,1,0,2,0,0,0,2,0,0,none,,,,,,1.0,0.0,0.5,0.5,2.0,0.0,1.5,1.0,0,low,0,[],stable cue profile,C:\Users\lukas\Downloads\ma2_show_analyzer\ma2_show_analyzer\web_jobs\20260331-094732-024f66b9\uploads\Studio_54_all_sequences.xml
cue:15:1:Studio_54_all_sequences.xml:1,sequence:15:Studio_54_all_sequences.xml:15,15,Sequence 15,1,Cue 1,1,False,1,2,1,0,2,0,0,0,1,0,0,none,,,,,,0.0,0.0,0.0,0.0,2.0,0.0,1.0,1.0,0,low,0,[],stable cue profile,C:\Users\lukas\Downloads\ma2_show_analyzer\ma2_show_analyzer\web_jobs\20260331-094732-024f66b9\uploads\Studio_54_all_sequences.xml
cue:16:1:Studio_54_all_sequences.xml:1,sequence:16:Studio_54_all_sequences.xml:16,16,Sequence 16,1,Cue 1,1,False,1,2,1,0,2,0,0,0,1,0,0,none,,,,,,0.0,0.0,0.0,0.0,2.0,0.0,1.0,1.0,0,low,0,[],stable cue profile,C:\Users\lukas\Downloads\ma2_show_analyzer\ma2_show_analyzer\web_jobs\20260331-094732-024f66b9\uploads\Studio_54_all_sequences.xml
cue:17:1:Studio_54_all_sequences.xml:1,sequence:17:Studio_54_all_sequences.xml:17,17,Sequence 17,1,Cue 1,1,False,1,2,1,0,2,0,0,0,1,0,0,none,,,,,,0.0,0.0,0.0,0.0,2.0,0.0,1.0,1.0,0,low,0,[],stable cue profile,C:\Users\lukas\Downloads\ma2_show_analyzer\ma2_show_analyzer\web_jobs\20260331-094732-024f66b9\uploads\Studio_54_all_sequences.xml
cue:18:1:Studio_54_all_sequences.xml:1,sequence:18:Studio_54_all_sequences.xml:18,18,Sequence 18,1,Cue 1,1,False,1,2,1,0,2,0,0,0,1,0,0,none,,,,,,0.0,0.0,0.0,0.0,2.0,0.0,1.0,1.0,0,low,0,[],stable cue profile,C:\Users\lukas\Downloads\ma2_show_analyzer\ma2_show_analyzer\web_jobs\20260331-094732-024f66b9\uploads\Studio_54_all_sequences.xml
cue:19:1:Studio_54_all_sequences.xml:1,sequence:19:Studio_54_all_sequences.xml:19,19,Sequence 19,1,Cue 1,1,False,1,2,1,0,2,0,0,0,1,0,0,none,,,,,,0.0,0.0,0.0,0.0,2.0,0.0,1.0,1.0,0,low,0,[],stable cue profile,C:\Users\lukas\Downloads\ma2_show_analyzer\ma2_show_analyzer\web_jobs\20260331-094732-024f66b9\uploads\Studio_54_all_sequences.xml
cue:20:1:Studio_54_all_sequences.xml:1,sequence:20:Studio_54_all_sequences.xml:20,20,Sequence 20,1,Cue 1,1,False,1,1,1,0,1,0,0,0,0,0,0,none,,,,,,0.0,0.0,0.0,0.0,1.0,0.0,0.0,1.0,0,low,0,[],stable cue profile,C:\Users\lukas\Downloads\ma2_show_analyzer\ma2_show_analyzer\web_jobs\20260331-094732-024f66b9\uploads\Studio_54_all_sequences.xml
cue:21:1:Studio_54_all_sequences.xml:1,sequence:21:Studio_54_all_sequences.xml:21,21,Sequence 21,1,Cue 1,1,False,4,2,1,0,8,0,0,0,8,0,0,none,,,,,,0.0,0.0,0.0,0.0,8.0,0.0,8.0,1.0,0,low,0,[],stable cue profile,C:\Users\lukas\Downloads\ma2_show_analyzer\ma2_show_analyzer\web_jobs\20260331-094732-024f66b9\uploads\Studio_54_all_sequences.xml
cue:22:1:Studio_54_all_sequences.xml:1,sequence:22:Studio_54_all_sequences.xml:22,22,Haze,1,Cue 1,1,False,1,0,0,0,1,0,0,0,0,0,0,none,,,,,,1.0,1.0,1.0,0.0,1.0,0.0,0.0,0.0,0,low,0,[],stable cue profile,C:\Users\lukas\Downloads\ma2_show_analyzer\ma2_show_analyzer\web_jobs\20260331-094732-024f66b9\uploads\Studio_54_all_sequences.xml
cue:23:1:Studio_54_all_sequences.xml:1,sequence:23:Studio_54_all_sequences.xml:23,23,Sequence 23,1,Cue 1,1,False,18,0,0,0,18,0,0,0,0,0,0,none,,,,,,1.0,1.0,1.0,0.0,18.0,0.0,0.0,0.0,0,low,0,[],stable cue profile,C:\Users\lukas\Downloads\ma2_show_analyzer\ma2_show_analyzer\web_jobs\20260331-094732-024f66b9\uploads\Studio_54_all_sequences.xml
cue:25:1:Studio_54_all_sequences.xml:1,sequence:25:Studio_54_all_sequences.xml:25,25,lidi,1,Cue 1,1,False,12,0,0,0,12,0,0,0,0,0,0,none,,,,,,1.0,1.0,1.0,0.0,12.0,0.0,0.0,0.0,0,low,0,[],stable cue profile,C:\Users\lukas\Downloads\ma2_show_analyzer\ma2_show_analyzer\web_jobs\20260331-094732-024f66b9\uploads\Studio_54_all_sequences.xml
cue:26:1:Studio_54_all_sequences.xml:1,sequence:26:Studio_54_all_sequences.xml:26,26,Sequence 26,1,Cue 1,1,False,1,0,0,0,1,0,0,0,0,0,0,none,,,,,,1.0,1.0,1.0,0.0,1.0,0.0,0.0,0.0,0,low,0,[],stable cue profile,C:\Users\lukas\Downloads\ma2_show_analyzer\ma2_show_analyzer\web_jobs\20260331-094732-024f66b9\uploads\Studio_54_all_sequences.xml
cue:28:1:Studio_54_all_sequences.xml:1,sequence:28:Studio_54_all_sequences.xml:28,28,t1,1,Cue 1,1,False,1,1,1,0,1,0,0,0,0,0,0,none,,,,,,0.0,0.0,0.0,0.0,1.0,0.0,0.0,1.0,0,low,0,[],stable cue profile,C:\Users\lukas\Downloads\ma2_show_analyzer\ma2_show_analyzer\web_jobs\20260331-094732-024f66b9\uploads\Studio_54_all_sequences.xml
cue:3:1:Studio_54_all_sequences.xml:1,sequence:3:Studio_54_all_sequences.xml:3,3,Sequence 3,1,Cue 1,1,False,8,1,1,0,8,0,0,0,0,0,0,none,,,,,,0.0,0.0,0.0,0.0,8.0,0.0,0.0,1.0,0,low,0,[],stable cue profile,C:\Users\lukas\Downloads\ma2_show_analyzer\ma2_show_analyzer\web_jobs\20260331-094732-024f66b9\uploads\Studio_54_all_sequences.xml
cue:30:1:Studio_54_all_sequences.xml:1,sequence:30:Studio_54_all_sequences.xml:30,30,Sequence 30,1,Cue 1,1,False,6,1,1,0,6,0,0,0,0,0,0,none,,,,,,0.0,0.0,0.0,0.0,6.0,0.0,0.0,1.0,0,low,0,[],stable cue profile,C:\Users\lukas\Downloads\ma2_show_analyzer\ma2_show_analyzer\web_jobs\20260331-094732-024f66b9\uploads\Studio_54_all_sequences.xml
cue:31:1:Studio_54_all_sequences.xml:1,sequence:31:Studio_54_all_sequences.xml:31,31,Sequence 31,1,Cue 1,1,False,6,1,1,0,6,0,0,0,0,0,0,none,,,,,,0.0,0.0,0.0,0.0,6.0,0.0,0.0,1.0,0,low,0,[],stable cue profile,C:\Users\lukas\Downloads\ma2_show_analyzer\ma2_show_analyzer\web_jobs\20260331-094732-024f66b9\uploads\Studio_54_all_sequences.xml
cue:33:1:Studio_54_all_sequences.xml:1,sequence:33:Studio_54_all_sequences.xml:33,33,Kour,1,Cue 1,1,False,1,0,0,0,1,0,0,0,0,0,0,none,,,,,,1.0,1.0,1.0,0.0,1.0,0.0,0.0,0.0,0,low,0,[],stable cue profile,C:\Users\lukas\Downloads\ma2_show_analyzer\ma2_show_analyzer\web_jobs\20260331-094732-024f66b9\uploads\Studio_54_all_sequences.xml
cue:35:1:Studio_54_all_sequences.xml:1,sequence:35:Studio_54_all_sequences.xml:35,35,Sequence 35,1,Cue 1,1,False,1,1,1,0,1,0,0,0,0,0,0,none,,,,,,0.0,0.0,0.0,0.0,1.0,0.0,0.0,1.0,0,low,0,[],stable cue profile,C:\Users\lukas\Downloads\ma2_show_analyzer\ma2_show_analyzer\web_jobs\20260331-094732-024f66b9\uploads\Studio_54_all_sequences.xml
cue:36:1:Studio_54_all_sequences.xml:1,sequence:36:Studio_54_all_sequences.xml:36,36,Sequence 36,1,Cue 1,1,False,1,1,1,0,1,0,0,0,0,0,0,none,,,,,,0.0,0.0,0.0,0.0,1.0,0.0,0.0,1.0,0,low,0,[],stable cue profile,C:\Users\lukas\Downloads\ma2_show_analyzer\ma2_show_analyzer\web_jobs\20260331-094732-024f66b9\uploads\Studio_54_all_sequences.xml
cue:37:1:Studio_54_all_sequences.xml:1,sequence:37:Studio_54_all_sequences.xml:37,37,Bar,1,Cue 1,1,False,0,0,0,0,0,0,0,0,0,0,0,none,,,,,,1.0,1.0,1.0,0.0,0.0,0.0,0.0,0.0,0,low,0,[],stable cue profile,C:\Users\lukas\Downloads\ma2_show_analyzer\ma2_show_analyzer\web_jobs\20260331-094732-024f66b9\uploads\Studio_54_all_sequences.xml
cue:38:1:Studio_54_all_sequences.xml:1,sequence:38:Studio_54_all_sequences.xml:38,38,Klavir,1,Cue 1,1,False,1,0,0,0,1,0,0,0,0,0,0,none,,,,,,1.0,1.0,1.0,0.0,1.0,0.0,0.0,0.0,0,low,0,[],stable cue profile,C:\Users\lukas\Downloads\ma2_show_analyzer\ma2_show_analyzer\web_jobs\20260331-094732-024f66b9\uploads\Studio_54_all_sequences.xml
cue:39:1:Studio_54_all_sequences.xml:1,sequence:39:Studio_54_all_sequences.xml:39,39,36,1,Cue 1,1,False,1,40,6,0,0,1,0,0,0,0,0,preset_only,,,,,,0.0,0.025,0.013,0.0,0.5,0.5,0.5,3.5,0,low,0,[],stable cue profile,C:\Users\lukas\Downloads\ma2_show_analyzer\ma2_show_analyzer\web_jobs\20260331-094732-024f66b9\uploads\Studio_54_all_sequences.xml
cue:39:2:Studio_54_all_sequences.xml:2,sequence:39:Studio_54_all_sequences.xml:39,39,36,2,Cue 2,2,False,1,1,1,0,1,0,0,0,1,0,0,none,,,,,,0.025,0.0,0.013,0.0,0.5,0.5,0.5,3.5,0,low,0,[],stable cue profile,C:\Users\lukas\Downloads\ma2_show_analyzer\ma2_show_analyzer\web_jobs\20260331-094732-024f66b9\uploads\Studio_54_all_sequences.xml
cue:4:1:Studio_54_all_sequences.xml:1,sequence:4:Studio_54_all_sequences.xml:4,4,Sequence 4,1,Cue 1,1,False,31,1,1,0,60,0,0,0,0,0,0,none,,,,,,0.0,0.0,0.0,0.0,60.0,0.0,0.0,1.0,0,low,0,[],stable cue profile,C:\Users\lukas\Downloads\ma2_show_analyzer\ma2_show_analyzer\web_jobs\20260331-094732-024f66b9\uploads\Studio_54_all_sequences.xml
cue:40:1:Studio_54_all_sequences.xml:1,sequence:40:Studio_54_all_sequences.xml:40,40,38,1,Cue 1,1,False,1,40,6,0,0,1,0,0,0,0,0,preset_only,,,,,,0.0,1.0,0.5,0.0,0.5,1.0,0.5,6.0,0,low,0,[],stable cue profile,C:\Users\lukas\Downloads\ma2_show_analyzer\ma2_show_analyzer\web_jobs\20260331-094732-024f66b9\uploads\Studio_54_all_sequences.xml
cue:40:2:Studio_54_all_sequences.xml:2,sequence:40:Studio_54_all_sequences.xml:40,40,38,2,Cue 2,2,False,1,40,6,0,1,1,0,0,1,0,0,preset_only,,,,,,1.0,0.0,0.5,0.0,0.5,1.0,0.5,6.0,0,low,0,[],stable cue profile,C:\Users\lukas\Downloads\ma2_show_analyzer\ma2_show_analyzer\web_jobs\20260331-094732-024f66b9\uploads\Studio_54_all_sequences.xml
cue:41:1:Studio_54_all_sequences.xml:1,sequence:41:Studio_54_all_sequences.xml:41,41,40,1,Cue 1,1,False,1,40,6,0,0,1,0,0,0,0,0,preset_only,,,,,,0.0,0.025,0.013,0.0,0.5,0.5,0.5,3.5,0,low,0,[],stable cue profile,C:\Users\lukas\Downloads\ma2_show_analyzer\ma2_show_analyzer\web_jobs\20260331-094732-024f66b9\uploads\Studio_54_all_sequences.xml
cue:41:2:Studio_54_all_sequences.xml:2,sequence:41:Studio_54_all_sequences.xml:41,41,40,2,Cue 2,2,False,1,1,1,0,1,0,0,0,1,0,0,none,,,,,,0.025,0.0,0.013,0.0,0.5,0.5,0.5,3.5,0,low,0,[],stable cue profile,C:\Users\lukas\Downloads\ma2_show_analyzer\ma2_show_analyzer\web_jobs\20260331-094732-024f66b9\uploads\Studio_54_all_sequences.xml
cue:42:1:Studio_54_all_sequences.xml:1,sequence:42:Studio_54_all_sequences.xml:42,42,41,1,Cue 1,1,False,1,40,6,0,0,1,0,0,0,0,0,preset_only,,,,,,0.0,0.025,0.013,0.0,0.5,0.5,0.5,3.5,0,low,0,[],stable cue profile,C:\Users\lukas\Downloads\ma2_show_analyzer\ma2_show_analyzer\web_jobs\20260331-094732-024f66b9\uploads\Studio_54_all_sequences.xml
cue:42:2:Studio_54_all_sequences.xml:2,sequence:42:Studio_54_all_sequences.xml:42,42,41,2,Cue 2,2,False,1,1,1,0,1,0,0,0,1,0,0,none,,,,,,0.025,0.0,0.013,0.0,0.5,0.5,0.5,3.5,0,low,0,[],stable cue profile,C:\Users\lukas\Downloads\ma2_show_analyzer\ma2_show_analyzer\web_jobs\20260331-094732-024f66b9\uploads\Studio_54_all_sequences.xml
cue:43:1:Studio_54_all_sequences.xml:1,sequence:43:Studio_54_all_sequences.xml:43,43,Sequence 43,1,Cue 1,1,False,12,0,0,0,0,0,0,0,0,0,0,none,,,,,,1.0,1.0,1.0,0.0,0.0,0.0,0.0,0.0,0,low,0,[],stable cue profile,C:\Users\lukas\Downloads\ma2_show_analyzer\ma2_show_analyzer\web_jobs\20260331-094732-024f66b9\uploads\Studio_54_all_sequences.xml
cue:5:1:Studio_54_all_sequences.xml:1,sequence:5:Studio_54_all_sequences.xml:5,5,Sequence 5,1,Cue 1,1,False,12,0,0,0,12,0,0,0,0,0,0,none,,,,,,1.0,1.0,1.0,0.0,12.0,0.0,0.0,0.0,0,low,0,[],stable cue profile,C:\Users\lukas\Downloads\ma2_show_analyzer\ma2_show_analyzer\web_jobs\20260331-094732-024f66b9\uploads\Studio_54_all_sequences.xml
cue:6:1:Studio_54_all_sequences.xml:1,sequence:6:Studio_54_all_sequences.xml:6,6,Sequence 6,1,Cue 1,1,False,1,0,0,0,1,0,0,0,0,0,0,none,,,,,,1.0,1.0,1.0,0.0,1.0,0.0,0.0,0.0,0,low,0,[],stable cue profile,C:\Users\lukas\Downloads\ma2_show_analyzer\ma2_show_analyzer\web_jobs\20260331-094732-024f66b9\uploads\Studio_54_all_sequences.xml
cue:7:1:Studio_54_all_sequences.xml:1,sequence:7:Studio_54_all_sequences.xml:7,7,Sequence 7,1,Cue 1,1,False,12,1,1,0,12,0,0,0,0,0,0,none,,,,,,0.0,0.0,0.0,0.0,12.0,0.0,0.0,1.0,0,low,0,[],stable cue profile,C:\Users\lukas\Downloads\ma2_show_analyzer\ma2_show_analyzer\web_jobs\20260331-094732-024f66b9\uploads\Studio_54_all_sequences.xml
cue:8:1:Studio_54_all_sequences.xml:1,sequence:8:Studio_54_all_sequences.xml:8,8,Sequence 8,1,Cue 1,1,False,18,0,0,0,18,0,0,0,0,0,0,none,,,,,,1.0,1.0,1.0,0.0,18.0,0.0,0.0,0.0,0,low,0,[],stable cue profile,C:\Users\lukas\Downloads\ma2_show_analyzer\ma2_show_analyzer\web_jobs\20260331-094732-024f66b9\uploads\Studio_54_all_sequences.xml
